delete from BSST_OPE_OPERATION_GRANT
	where BSO_N_OPERATION_ID in 
	(select BSO_N_OPERATION_ID from BSST_BSO_SERVICE_OPERATION
	where BSV_N_SERVICE_ID in (select BSV_N_SERVICE_ID from BSST_BSV_SERVICE where BSV_S_SERVICE_NAME 
	in ('Server')));

delete from BSST_BOP_OPERATION_PARAM
	where BSO_N_OPERATION_ID in 
	(select BSO_N_OPERATION_ID from BSST_BSO_SERVICE_OPERATION
	where BSV_N_SERVICE_ID in (select BSV_N_SERVICE_ID from BSST_BSV_SERVICE where BSV_S_SERVICE_NAME 
	in ('Server')));

delete from BSST_BSO_SERVICE_OPERATION
	where BSV_N_SERVICE_ID in (select BSV_N_SERVICE_ID from BSST_BSV_SERVICE where BSV_S_SERVICE_NAME 
	in ('Server'));
	
delete from BSST_BSV_SERVICE where BSV_S_SERVICE_NAME 
	in ('Server');

insert into BSST_BSV_SERVICE(BSV_S_SERVICE_NAME,BSV_S_SERVICE_URL)
	values ('Server','/server');
	
	
-- add @ Server
insert into BSST_BSO_SERVICE_OPERATION (BSV_N_SERVICE_ID,BSO_S_METHOD,BSO_S_NAME,BSO_S_OPERATION_URL,BSO_S_DESCRIPTION)
	values ((select BSV_N_SERVICE_ID from BSST_BSV_SERVICE where BSV_S_SERVICE_NAME='Server'),'POST','add','/add','Create server');
	
	insert into BSST_BOP_OPERATION_PARAM(BOP_PARAM_NAME,BSO_N_OPERATION_ID,BOP_C_FLG_URL,BOP_C_REQUIRED,BOP_S_DESCRIPTION,BOP_N_SHOW_ORDER)
		values ('nodeId',
		(select BSO_N_OPERATION_ID from BSST_BSO_SERVICE_OPERATION where BSO_S_NAME='add' and BSV_N_SERVICE_ID=(select BSV_N_SERVICE_ID from BSST_BSV_SERVICE where BSV_S_SERVICE_NAME='Server'))
		,'Y','Y','NodeId',1);
		
	insert into BSST_OPE_OPERATION_GRANT(BSO_N_OPERATION_ID,URO_N_ROLE_ID)
		values(
		(select BSO_N_OPERATION_ID from BSST_BSO_SERVICE_OPERATION where BSO_S_NAME='add' and BSV_N_SERVICE_ID=(select BSV_N_SERVICE_ID from BSST_BSV_SERVICE where BSV_S_SERVICE_NAME='Server')),
		(select URO_N_ROLE_ID from BSST_URO_ROLE where URO_S_NAME='Administrator')
		);

-- getAll @ Server	
insert into BSST_BSO_SERVICE_OPERATION (BSV_N_SERVICE_ID,BSO_S_METHOD,BSO_S_NAME,BSO_S_OPERATION_URL,BSO_S_DESCRIPTION)
	values ((select BSV_N_SERVICE_ID from BSST_BSV_SERVICE where BSV_S_SERVICE_NAME='Server')
	,'GET','getAll','/getAll','Return all servers');
		
	insert into BSST_OPE_OPERATION_GRANT(BSO_N_OPERATION_ID,URO_N_ROLE_ID)
		values(
		(select BSO_N_OPERATION_ID from BSST_BSO_SERVICE_OPERATION where BSO_S_NAME='getAll' and BSV_N_SERVICE_ID=(select BSV_N_SERVICE_ID from BSST_BSV_SERVICE where BSV_S_SERVICE_NAME='Server')),
		(select URO_N_ROLE_ID from BSST_URO_ROLE where URO_S_NAME='User')
		);

-- get @ Server
insert into BSST_BSO_SERVICE_OPERATION (BSV_N_SERVICE_ID,BSO_S_METHOD,BSO_S_NAME,BSO_S_OPERATION_URL,BSO_S_DESCRIPTION)
	values ((select BSV_N_SERVICE_ID from BSST_BSV_SERVICE where BSV_S_SERVICE_NAME='Server'),'GET','get','/{id}/get','Get Server');
	
	insert into BSST_BOP_OPERATION_PARAM(BOP_PARAM_NAME,BSO_N_OPERATION_ID,BOP_C_FLG_URL,BOP_C_REQUIRED,BOP_S_DESCRIPTION,BOP_N_SHOW_ORDER,BOP_S_TYPE)
		values ('id',
		(select BSO_N_OPERATION_ID from BSST_BSO_SERVICE_OPERATION where BSO_S_NAME='get' and BSV_N_SERVICE_ID=(select BSV_N_SERVICE_ID from BSST_BSV_SERVICE where BSV_S_SERVICE_NAME='Server'))
		,'Y','Y','id',1,'number');
	
	insert into BSST_OPE_OPERATION_GRANT(BSO_N_OPERATION_ID,URO_N_ROLE_ID)
		values(
		(select BSO_N_OPERATION_ID from BSST_BSO_SERVICE_OPERATION where BSO_S_NAME='get' and BSV_N_SERVICE_ID=(select BSV_N_SERVICE_ID from BSST_BSV_SERVICE where BSV_S_SERVICE_NAME='Server')),
		(select URO_N_ROLE_ID from BSST_URO_ROLE where URO_S_NAME='User')
		);

-- remove @ Server
insert into BSST_BSO_SERVICE_OPERATION (BSV_N_SERVICE_ID,BSO_S_METHOD,BSO_S_NAME,BSO_S_OPERATION_URL,BSO_S_DESCRIPTION)
	values ((select BSV_N_SERVICE_ID from BSST_BSV_SERVICE where BSV_S_SERVICE_NAME='Server'),'GET','remove','/{id}/remove','Remove Server');
	
	insert into BSST_BOP_OPERATION_PARAM(BOP_PARAM_NAME,BSO_N_OPERATION_ID,BOP_C_FLG_URL,BOP_C_REQUIRED,BOP_S_DESCRIPTION,BOP_N_SHOW_ORDER,BOP_S_TYPE)
		values ('id',
		(select BSO_N_OPERATION_ID from BSST_BSO_SERVICE_OPERATION where BSO_S_NAME='remove' and BSV_N_SERVICE_ID=(select BSV_N_SERVICE_ID from BSST_BSV_SERVICE where BSV_S_SERVICE_NAME='Server'))
		,'Y','Y','Id',1,'number');
		
	insert into BSST_OPE_OPERATION_GRANT(BSO_N_OPERATION_ID,URO_N_ROLE_ID)
		values(
		(select BSO_N_OPERATION_ID from BSST_BSO_SERVICE_OPERATION where BSO_S_NAME='remove' and BSV_N_SERVICE_ID=(select BSV_N_SERVICE_ID from BSST_BSV_SERVICE where BSV_S_SERVICE_NAME='Server')),
		(select URO_N_ROLE_ID from BSST_URO_ROLE where URO_S_NAME='Administrator')
		);		
		

-- Command
-- addCommand @ Server
insert into BSST_BSO_SERVICE_OPERATION (BSV_N_SERVICE_ID,BSO_S_METHOD,BSO_S_NAME,BSO_S_OPERATION_URL,BSO_S_DESCRIPTION)
	values ((select BSV_N_SERVICE_ID from BSST_BSV_SERVICE where BSV_S_SERVICE_NAME='Server'),'POST','addCommand','/addCommand','Add command');
	
	insert into BSST_BOP_OPERATION_PARAM(BOP_PARAM_NAME,BSO_N_OPERATION_ID,BOP_C_FLG_URL,BOP_C_REQUIRED,BOP_S_DESCRIPTION,BOP_N_SHOW_ORDER)
		values ('command',
		(select BSO_N_OPERATION_ID from BSST_BSO_SERVICE_OPERATION where BSO_S_NAME='addCommand' and BSV_N_SERVICE_ID=(select BSV_N_SERVICE_ID from BSST_BSV_SERVICE where BSV_S_SERVICE_NAME='Server'))
		,'Y','Y','Command',1);
		
	insert into BSST_BOP_OPERATION_PARAM(BOP_PARAM_NAME,BSO_N_OPERATION_ID,BOP_C_FLG_URL,BOP_C_REQUIRED,BOP_S_DESCRIPTION,BOP_N_SHOW_ORDER,BOP_S_TYPE)
		values ('serverId',
		(select BSO_N_OPERATION_ID from BSST_BSO_SERVICE_OPERATION where BSO_S_NAME='addCommand' and BSV_N_SERVICE_ID=(select BSV_N_SERVICE_ID from BSST_BSV_SERVICE where BSV_S_SERVICE_NAME='Server'))
		,'Y','Y','ServerId',2,'number');
		
	insert into BSST_BOP_OPERATION_PARAM(BOP_PARAM_NAME,BSO_N_OPERATION_ID,BOP_C_FLG_URL,BOP_C_REQUIRED,BOP_S_DESCRIPTION,BOP_N_SHOW_ORDER)
		values ('requestedExecDate',
		(select BSO_N_OPERATION_ID from BSST_BSO_SERVICE_OPERATION where BSO_S_NAME='addCommand' and BSV_N_SERVICE_ID=(select BSV_N_SERVICE_ID from BSST_BSV_SERVICE where BSV_S_SERVICE_NAME='Server'))
		,'Y','N','RequestedExecDate',3);
		
	insert into BSST_OPE_OPERATION_GRANT(BSO_N_OPERATION_ID,URO_N_ROLE_ID)
		values(
		(select BSO_N_OPERATION_ID from BSST_BSO_SERVICE_OPERATION where BSO_S_NAME='addCommand' and BSV_N_SERVICE_ID=(select BSV_N_SERVICE_ID from BSST_BSV_SERVICE where BSV_S_SERVICE_NAME='Server')),
		(select URO_N_ROLE_ID from BSST_URO_ROLE where URO_S_NAME='User')
		);

-- getCommands @ Server
insert into BSST_BSO_SERVICE_OPERATION (BSV_N_SERVICE_ID,BSO_S_METHOD,BSO_S_NAME,BSO_S_OPERATION_URL,BSO_S_DESCRIPTION)
	values ((select BSV_N_SERVICE_ID from BSST_BSV_SERVICE where BSV_S_SERVICE_NAME='Server'),'GET','getCommands','/getCommands','Find commands');
	
	insert into BSST_BOP_OPERATION_PARAM(BOP_PARAM_NAME,BSO_N_OPERATION_ID,BOP_C_FLG_URL,BOP_C_REQUIRED,BOP_S_DESCRIPTION,BOP_N_SHOW_ORDER,BOP_S_TYPE)
		values ('serverId',
		(select BSO_N_OPERATION_ID from BSST_BSO_SERVICE_OPERATION where BSO_S_NAME='getCommands' and BSV_N_SERVICE_ID=(select BSV_N_SERVICE_ID from BSST_BSV_SERVICE where BSV_S_SERVICE_NAME='Server'))
		,'N','N','ServerId',1,'number');
	
	insert into BSST_BOP_OPERATION_PARAM(BOP_PARAM_NAME,BSO_N_OPERATION_ID,BOP_C_FLG_URL,BOP_C_REQUIRED,BOP_S_DESCRIPTION,BOP_N_SHOW_ORDER)
		values ('status',
		(select BSO_N_OPERATION_ID from BSST_BSO_SERVICE_OPERATION where BSO_S_NAME='getCommands' and BSV_N_SERVICE_ID=(select BSV_N_SERVICE_ID from BSST_BSV_SERVICE where BSV_S_SERVICE_NAME='Server'))
		,'N','N','Status',2);
	
	insert into BSST_BOP_OPERATION_PARAM(BOP_PARAM_NAME,BSO_N_OPERATION_ID,BOP_C_FLG_URL,BOP_C_REQUIRED,BOP_S_DESCRIPTION,BOP_N_SHOW_ORDER)
		values ('dateMinExecution',
		(select BSO_N_OPERATION_ID from BSST_BSO_SERVICE_OPERATION where BSO_S_NAME='getCommands' and BSV_N_SERVICE_ID=(select BSV_N_SERVICE_ID from BSST_BSV_SERVICE where BSV_S_SERVICE_NAME='Server'))
		,'N','N','DateMinExecution',3);
		
	insert into BSST_BOP_OPERATION_PARAM(BOP_PARAM_NAME,BSO_N_OPERATION_ID,BOP_C_FLG_URL,BOP_C_REQUIRED,BOP_S_DESCRIPTION,BOP_N_SHOW_ORDER)
		values ('dateMaxExecution',
		(select BSO_N_OPERATION_ID from BSST_BSO_SERVICE_OPERATION where BSO_S_NAME='getCommands' and BSV_N_SERVICE_ID=(select BSV_N_SERVICE_ID from BSST_BSV_SERVICE where BSV_S_SERVICE_NAME='Server'))
		,'N','N','DateMaxExecution',4);
	
	insert into BSST_BOP_OPERATION_PARAM(BOP_PARAM_NAME,BSO_N_OPERATION_ID,BOP_C_FLG_URL,BOP_C_REQUIRED,BOP_S_DESCRIPTION,BOP_N_SHOW_ORDER)
		values ('dateMinRequestedExe',
		(select BSO_N_OPERATION_ID from BSST_BSO_SERVICE_OPERATION where BSO_S_NAME='getCommands' and BSV_N_SERVICE_ID=(select BSV_N_SERVICE_ID from BSST_BSV_SERVICE where BSV_S_SERVICE_NAME='Server'))
		,'N','N','DateMinRequestedExe',5);
		
	insert into BSST_BOP_OPERATION_PARAM(BOP_PARAM_NAME,BSO_N_OPERATION_ID,BOP_C_FLG_URL,BOP_C_REQUIRED,BOP_S_DESCRIPTION,BOP_N_SHOW_ORDER)
		values ('dateMaxRequestedExe',
		(select BSO_N_OPERATION_ID from BSST_BSO_SERVICE_OPERATION where BSO_S_NAME='getCommands' and BSV_N_SERVICE_ID=(select BSV_N_SERVICE_ID from BSST_BSV_SERVICE where BSV_S_SERVICE_NAME='Server'))
		,'N','N','DateMaxRequestedExe',6);
		
	insert into BSST_OPE_OPERATION_GRANT(BSO_N_OPERATION_ID,URO_N_ROLE_ID)
		values(
		(select BSO_N_OPERATION_ID from BSST_BSO_SERVICE_OPERATION where BSO_S_NAME='getCommands' and BSV_N_SERVICE_ID=(select BSV_N_SERVICE_ID from BSST_BSV_SERVICE where BSV_S_SERVICE_NAME='Server')),
		(select URO_N_ROLE_ID from BSST_URO_ROLE where URO_S_NAME='User')
		);
		

-- getCommand @ Server
insert into BSST_BSO_SERVICE_OPERATION (BSV_N_SERVICE_ID,BSO_S_METHOD,BSO_S_NAME,BSO_S_OPERATION_URL,BSO_S_DESCRIPTION)
	values ((select BSV_N_SERVICE_ID from BSST_BSV_SERVICE where BSV_S_SERVICE_NAME='Server'),'GET','getCommand','/{id}/getCommand','Get Command');
	
	insert into BSST_BOP_OPERATION_PARAM(BOP_PARAM_NAME,BSO_N_OPERATION_ID,BOP_C_FLG_URL,BOP_C_REQUIRED,BOP_S_DESCRIPTION,BOP_N_SHOW_ORDER,BOP_S_TYPE)
		values ('id',
		(select BSO_N_OPERATION_ID from BSST_BSO_SERVICE_OPERATION where BSO_S_NAME='getCommand' and BSV_N_SERVICE_ID=(select BSV_N_SERVICE_ID from BSST_BSV_SERVICE where BSV_S_SERVICE_NAME='Server'))
		,'Y','Y','id',1,'number');
	
	insert into BSST_OPE_OPERATION_GRANT(BSO_N_OPERATION_ID,URO_N_ROLE_ID)
		values(
		(select BSO_N_OPERATION_ID from BSST_BSO_SERVICE_OPERATION where BSO_S_NAME='getCommand' and BSV_N_SERVICE_ID=(select BSV_N_SERVICE_ID from BSST_BSV_SERVICE where BSV_S_SERVICE_NAME='Server')),
		(select URO_N_ROLE_ID from BSST_URO_ROLE where URO_S_NAME='User')
		);
		

-- removeCommand @ Server
insert into BSST_BSO_SERVICE_OPERATION (BSV_N_SERVICE_ID,BSO_S_METHOD,BSO_S_NAME,BSO_S_OPERATION_URL,BSO_S_DESCRIPTION)
	values ((select BSV_N_SERVICE_ID from BSST_BSV_SERVICE where BSV_S_SERVICE_NAME='Server'),'GET','removeCommand','/{id}/removeCommand','Remove Command');
	
	insert into BSST_BOP_OPERATION_PARAM(BOP_PARAM_NAME,BSO_N_OPERATION_ID,BOP_C_FLG_URL,BOP_C_REQUIRED,BOP_S_DESCRIPTION,BOP_N_SHOW_ORDER,BOP_S_TYPE)
		values ('id',
		(select BSO_N_OPERATION_ID from BSST_BSO_SERVICE_OPERATION where BSO_S_NAME='removeCommand' and BSV_N_SERVICE_ID=(select BSV_N_SERVICE_ID from BSST_BSV_SERVICE where BSV_S_SERVICE_NAME='Server'))
		,'Y','Y','Id',1,'number');
		
	insert into BSST_OPE_OPERATION_GRANT(BSO_N_OPERATION_ID,URO_N_ROLE_ID)
		values(
		(select BSO_N_OPERATION_ID from BSST_BSO_SERVICE_OPERATION where BSO_S_NAME='removeCommand' and BSV_N_SERVICE_ID=(select BSV_N_SERVICE_ID from BSST_BSV_SERVICE where BSV_S_SERVICE_NAME='Server')),
		(select URO_N_ROLE_ID from BSST_URO_ROLE where URO_S_NAME='User')
		);		

-- QueueItem
-- addQueueItem @ Server
insert into BSST_BSO_SERVICE_OPERATION (BSV_N_SERVICE_ID,BSO_S_METHOD,BSO_S_NAME,BSO_S_OPERATION_URL,BSO_S_DESCRIPTION)
	values ((select BSV_N_SERVICE_ID from BSST_BSV_SERVICE where BSV_S_SERVICE_NAME='Server'),'POST','addQueueItem','/addQueueItem','Add QueueItem');
	
	insert into BSST_BOP_OPERATION_PARAM(BOP_PARAM_NAME,BSO_N_OPERATION_ID,BOP_C_FLG_URL,BOP_C_REQUIRED,BOP_S_DESCRIPTION,BOP_N_SHOW_ORDER,BOP_S_TYPE)
		values ('objectId',
		(select BSO_N_OPERATION_ID from BSST_BSO_SERVICE_OPERATION where BSO_S_NAME='addQueueItem' and BSV_N_SERVICE_ID=(select BSV_N_SERVICE_ID from BSST_BSV_SERVICE where BSV_S_SERVICE_NAME='Server'))
		,'Y','Y','ObjectId',1,'number');
	
	insert into BSST_BOP_OPERATION_PARAM(BOP_PARAM_NAME,BSO_N_OPERATION_ID,BOP_C_FLG_URL,BOP_C_REQUIRED,BOP_S_DESCRIPTION,BOP_N_SHOW_ORDER,BOP_S_TYPE)
		values ('objectInstId',
		(select BSO_N_OPERATION_ID from BSST_BSO_SERVICE_OPERATION where BSO_S_NAME='addQueueItem' and BSV_N_SERVICE_ID=(select BSV_N_SERVICE_ID from BSST_BSV_SERVICE where BSV_S_SERVICE_NAME='Server'))
		,'Y','Y','ObjectInstId',2,'number');
	
	insert into BSST_BOP_OPERATION_PARAM(BOP_PARAM_NAME,BSO_N_OPERATION_ID,BOP_C_FLG_URL,BOP_C_REQUIRED,BOP_S_DESCRIPTION,BOP_N_SHOW_ORDER)
		values ('requestedExecDate',
		(select BSO_N_OPERATION_ID from BSST_BSO_SERVICE_OPERATION where BSO_S_NAME='addQueueItem' and BSV_N_SERVICE_ID=(select BSV_N_SERVICE_ID from BSST_BSV_SERVICE where BSV_S_SERVICE_NAME='Server'))
		,'Y','N','RequestedExecDate',3);
		
	insert into BSST_OPE_OPERATION_GRANT(BSO_N_OPERATION_ID,URO_N_ROLE_ID)
		values(
		(select BSO_N_OPERATION_ID from BSST_BSO_SERVICE_OPERATION where BSO_S_NAME='addQueueItem' and BSV_N_SERVICE_ID=(select BSV_N_SERVICE_ID from BSST_BSV_SERVICE where BSV_S_SERVICE_NAME='Server')),
		(select URO_N_ROLE_ID from BSST_URO_ROLE where URO_S_NAME='User')
		);

-- getQueueItems @ Server
insert into BSST_BSO_SERVICE_OPERATION (BSV_N_SERVICE_ID,BSO_S_METHOD,BSO_S_NAME,BSO_S_OPERATION_URL,BSO_S_DESCRIPTION)
	values ((select BSV_N_SERVICE_ID from BSST_BSV_SERVICE where BSV_S_SERVICE_NAME='Server'),'GET','getQueueItems','/getQueueItems','Find QueueItems');
	
	insert into BSST_BOP_OPERATION_PARAM(BOP_PARAM_NAME,BSO_N_OPERATION_ID,BOP_C_FLG_URL,BOP_C_REQUIRED,BOP_S_DESCRIPTION,BOP_N_SHOW_ORDER,BOP_S_TYPE)
		values ('serverId',
		(select BSO_N_OPERATION_ID from BSST_BSO_SERVICE_OPERATION where BSO_S_NAME='getQueueItems' and BSV_N_SERVICE_ID=(select BSV_N_SERVICE_ID from BSST_BSV_SERVICE where BSV_S_SERVICE_NAME='Server'))
		,'N','N','ServerId',1,'number');
	
	insert into BSST_BOP_OPERATION_PARAM(BOP_PARAM_NAME,BSO_N_OPERATION_ID,BOP_C_FLG_URL,BOP_C_REQUIRED,BOP_S_DESCRIPTION,BOP_N_SHOW_ORDER)
		values ('status',
		(select BSO_N_OPERATION_ID from BSST_BSO_SERVICE_OPERATION where BSO_S_NAME='getQueueItems' and BSV_N_SERVICE_ID=(select BSV_N_SERVICE_ID from BSST_BSV_SERVICE where BSV_S_SERVICE_NAME='Server'))
		,'N','N','Status',2);
	
	insert into BSST_BOP_OPERATION_PARAM(BOP_PARAM_NAME,BSO_N_OPERATION_ID,BOP_C_FLG_URL,BOP_C_REQUIRED,BOP_S_DESCRIPTION,BOP_N_SHOW_ORDER)
		values ('dateMinExecution',
		(select BSO_N_OPERATION_ID from BSST_BSO_SERVICE_OPERATION where BSO_S_NAME='getQueueItems' and BSV_N_SERVICE_ID=(select BSV_N_SERVICE_ID from BSST_BSV_SERVICE where BSV_S_SERVICE_NAME='Server'))
		,'N','N','DateMinExecution',3);
		
	insert into BSST_BOP_OPERATION_PARAM(BOP_PARAM_NAME,BSO_N_OPERATION_ID,BOP_C_FLG_URL,BOP_C_REQUIRED,BOP_S_DESCRIPTION,BOP_N_SHOW_ORDER)
		values ('dateMaxExecution',
		(select BSO_N_OPERATION_ID from BSST_BSO_SERVICE_OPERATION where BSO_S_NAME='getQueueItems' and BSV_N_SERVICE_ID=(select BSV_N_SERVICE_ID from BSST_BSV_SERVICE where BSV_S_SERVICE_NAME='Server'))
		,'N','N','DateMaxExecution',4);
	
	insert into BSST_BOP_OPERATION_PARAM(BOP_PARAM_NAME,BSO_N_OPERATION_ID,BOP_C_FLG_URL,BOP_C_REQUIRED,BOP_S_DESCRIPTION,BOP_N_SHOW_ORDER)
		values ('dateMinRequestedExe',
		(select BSO_N_OPERATION_ID from BSST_BSO_SERVICE_OPERATION where BSO_S_NAME='getQueueItems' and BSV_N_SERVICE_ID=(select BSV_N_SERVICE_ID from BSST_BSV_SERVICE where BSV_S_SERVICE_NAME='Server'))
		,'N','N','DateMinRequestedExe',5);
		
	insert into BSST_BOP_OPERATION_PARAM(BOP_PARAM_NAME,BSO_N_OPERATION_ID,BOP_C_FLG_URL,BOP_C_REQUIRED,BOP_S_DESCRIPTION,BOP_N_SHOW_ORDER)
		values ('dateMaxRequestedExe',
		(select BSO_N_OPERATION_ID from BSST_BSO_SERVICE_OPERATION where BSO_S_NAME='getQueueItems' and BSV_N_SERVICE_ID=(select BSV_N_SERVICE_ID from BSST_BSV_SERVICE where BSV_S_SERVICE_NAME='Server'))
		,'N','N','DateMaxRequestedExe',3);
		
	insert into BSST_OPE_OPERATION_GRANT(BSO_N_OPERATION_ID,URO_N_ROLE_ID)
		values(
		(select BSO_N_OPERATION_ID from BSST_BSO_SERVICE_OPERATION where BSO_S_NAME='getQueueItems' and BSV_N_SERVICE_ID=(select BSV_N_SERVICE_ID from BSST_BSV_SERVICE where BSV_S_SERVICE_NAME='Server')),
		(select URO_N_ROLE_ID from BSST_URO_ROLE where URO_S_NAME='User')
		);


-- getQueueItem @ Server
insert into BSST_BSO_SERVICE_OPERATION (BSV_N_SERVICE_ID,BSO_S_METHOD,BSO_S_NAME,BSO_S_OPERATION_URL,BSO_S_DESCRIPTION)
	values ((select BSV_N_SERVICE_ID from BSST_BSV_SERVICE where BSV_S_SERVICE_NAME='Server'),'GET','getQueueItem','/{id}/getQueueItem','Get QueueItem');
	
	insert into BSST_BOP_OPERATION_PARAM(BOP_PARAM_NAME,BSO_N_OPERATION_ID,BOP_C_FLG_URL,BOP_C_REQUIRED,BOP_S_DESCRIPTION,BOP_N_SHOW_ORDER,BOP_S_TYPE)
		values ('id',
		(select BSO_N_OPERATION_ID from BSST_BSO_SERVICE_OPERATION where BSO_S_NAME='getQueueItem' and BSV_N_SERVICE_ID=(select BSV_N_SERVICE_ID from BSST_BSV_SERVICE where BSV_S_SERVICE_NAME='Server'))
		,'Y','Y','id',1,'number');
	
	insert into BSST_OPE_OPERATION_GRANT(BSO_N_OPERATION_ID,URO_N_ROLE_ID)
		values(
		(select BSO_N_OPERATION_ID from BSST_BSO_SERVICE_OPERATION where BSO_S_NAME='getQueueItem' and BSV_N_SERVICE_ID=(select BSV_N_SERVICE_ID from BSST_BSV_SERVICE where BSV_S_SERVICE_NAME='Server')),
		(select URO_N_ROLE_ID from BSST_URO_ROLE where URO_S_NAME='User')
		);
		
		
-- removeQueueItem @ Server
insert into BSST_BSO_SERVICE_OPERATION (BSV_N_SERVICE_ID,BSO_S_METHOD,BSO_S_NAME,BSO_S_OPERATION_URL,BSO_S_DESCRIPTION)
	values ((select BSV_N_SERVICE_ID from BSST_BSV_SERVICE where BSV_S_SERVICE_NAME='Server'),'GET','removeQueueItem','/{id}/removeQueueItem','Remove removeQueueItem');
	
	insert into BSST_BOP_OPERATION_PARAM(BOP_PARAM_NAME,BSO_N_OPERATION_ID,BOP_C_FLG_URL,BOP_C_REQUIRED,BOP_S_DESCRIPTION,BOP_N_SHOW_ORDER,BOP_S_TYPE)
		values ('id',
		(select BSO_N_OPERATION_ID from BSST_BSO_SERVICE_OPERATION where BSO_S_NAME='removeQueueItem' and BSV_N_SERVICE_ID=(select BSV_N_SERVICE_ID from BSST_BSV_SERVICE where BSV_S_SERVICE_NAME='Server'))
		,'Y','Y','Id',1,'number');
		
	insert into BSST_OPE_OPERATION_GRANT(BSO_N_OPERATION_ID,URO_N_ROLE_ID)
		values(
		(select BSO_N_OPERATION_ID from BSST_BSO_SERVICE_OPERATION where BSO_S_NAME='removeQueueItem' and BSV_N_SERVICE_ID=(select BSV_N_SERVICE_ID from BSST_BSV_SERVICE where BSV_S_SERVICE_NAME='Server')),
		(select URO_N_ROLE_ID from BSST_URO_ROLE where URO_S_NAME='User')
		);		
				