delete from BSST_OPE_OPERATION_GRANT
	where BSO_N_OPERATION_ID in 
	(select BSO_N_OPERATION_ID from BSST_BSO_SERVICE_OPERATION
	where BSV_N_SERVICE_ID in (select BSV_N_SERVICE_ID from BSST_BSV_SERVICE where BSV_S_SERVICE_NAME 
	in ('Company')));

delete from BSST_BOP_OPERATION_PARAM
	where BSO_N_OPERATION_ID in 
	(select BSO_N_OPERATION_ID from BSST_BSO_SERVICE_OPERATION
	where BSV_N_SERVICE_ID in (select BSV_N_SERVICE_ID from BSST_BSV_SERVICE where BSV_S_SERVICE_NAME 
	in ('Company')));

delete from BSST_BSO_SERVICE_OPERATION
	where BSV_N_SERVICE_ID in (select BSV_N_SERVICE_ID from BSST_BSV_SERVICE where BSV_S_SERVICE_NAME 
	in ('Company'));
	
delete from BSST_BSV_SERVICE where BSV_S_SERVICE_NAME 
	in ('Company');

insert into BSST_BSV_SERVICE(BSV_S_SERVICE_NAME,BSV_S_SERVICE_URL)
	values ('Company','/company');
	
	
-- add @ Person
insert into BSST_BSO_SERVICE_OPERATION (BSV_N_SERVICE_ID,BSO_S_METHOD,BSO_S_NAME,BSO_S_OPERATION_URL,BSO_S_DESCRIPTION)
	values ((select BSV_N_SERVICE_ID from BSST_BSV_SERVICE where BSV_S_SERVICE_NAME='Company'),'POST','add','/add','Create company');
	
	insert into BSST_BOP_OPERATION_PARAM(BOP_PARAM_NAME,BSO_N_OPERATION_ID,BOP_C_FLG_URL,BOP_C_REQUIRED,BOP_S_DESCRIPTION,BOP_N_SHOW_ORDER)
		values ('name',
		(select BSO_N_OPERATION_ID from BSST_BSO_SERVICE_OPERATION where BSO_S_NAME='add' and BSV_N_SERVICE_ID=(select BSV_N_SERVICE_ID from BSST_BSV_SERVICE where BSV_S_SERVICE_NAME='Company'))
		,'Y','Y','name',1);
	insert into BSST_BOP_OPERATION_PARAM(BOP_PARAM_NAME,BSO_N_OPERATION_ID,BOP_C_FLG_URL,BOP_C_REQUIRED,BOP_S_DESCRIPTION,BOP_N_SHOW_ORDER)
		values ('code',
		(select BSO_N_OPERATION_ID from BSST_BSO_SERVICE_OPERATION where BSO_S_NAME='add' and BSV_N_SERVICE_ID=(select BSV_N_SERVICE_ID from BSST_BSV_SERVICE where BSV_S_SERVICE_NAME='Company'))
		,'Y','N','Code',2);
	insert into BSST_BOP_OPERATION_PARAM(BOP_PARAM_NAME,BSO_N_OPERATION_ID,BOP_C_FLG_URL,BOP_C_REQUIRED,BOP_S_DESCRIPTION,BOP_N_SHOW_ORDER)
		values ('address',
		(select BSO_N_OPERATION_ID from BSST_BSO_SERVICE_OPERATION where BSO_S_NAME='add' and BSV_N_SERVICE_ID=(select BSV_N_SERVICE_ID from BSST_BSV_SERVICE where BSV_S_SERVICE_NAME='Company'))
		,'Y','N','Address',3);
	insert into BSST_BOP_OPERATION_PARAM(BOP_PARAM_NAME,BSO_N_OPERATION_ID,BOP_C_FLG_URL,BOP_C_REQUIRED,BOP_S_DESCRIPTION,BOP_N_SHOW_ORDER)
		values ('zipCode',
		(select BSO_N_OPERATION_ID from BSST_BSO_SERVICE_OPERATION where BSO_S_NAME='add' and BSV_N_SERVICE_ID=(select BSV_N_SERVICE_ID from BSST_BSV_SERVICE where BSV_S_SERVICE_NAME='Company'))
		,'Y','N','Zip Code',4);
	insert into BSST_BOP_OPERATION_PARAM(BOP_PARAM_NAME,BSO_N_OPERATION_ID,BOP_C_FLG_URL,BOP_C_REQUIRED,BOP_S_DESCRIPTION,BOP_N_SHOW_ORDER,BOP_S_TYPE)
		values ('cityId',
		(select BSO_N_OPERATION_ID from BSST_BSO_SERVICE_OPERATION where BSO_S_NAME='add' and BSV_N_SERVICE_ID=(select BSV_N_SERVICE_ID from BSST_BSV_SERVICE where BSV_S_SERVICE_NAME='Company'))
		,'Y','N','City Id',5,'number');
	insert into BSST_BOP_OPERATION_PARAM(BOP_PARAM_NAME,BSO_N_OPERATION_ID,BOP_C_FLG_URL,BOP_C_REQUIRED,BOP_S_DESCRIPTION,BOP_N_SHOW_ORDER)
		values ('fiscalCode',
		(select BSO_N_OPERATION_ID from BSST_BSO_SERVICE_OPERATION where BSO_S_NAME='add' and BSV_N_SERVICE_ID=(select BSV_N_SERVICE_ID from BSST_BSV_SERVICE where BSV_S_SERVICE_NAME='Company'))
		,'Y','N','Fiscal Code',6);	
	insert into BSST_BOP_OPERATION_PARAM(BOP_PARAM_NAME,BSO_N_OPERATION_ID,BOP_C_FLG_URL,BOP_C_REQUIRED,BOP_S_DESCRIPTION,BOP_N_SHOW_ORDER)
		values ('vatCode',
		(select BSO_N_OPERATION_ID from BSST_BSO_SERVICE_OPERATION where BSO_S_NAME='add' and BSV_N_SERVICE_ID=(select BSV_N_SERVICE_ID from BSST_BSV_SERVICE where BSV_S_SERVICE_NAME='Company'))
		,'Y','N','Vat Code',7);	
		
	insert into BSST_OPE_OPERATION_GRANT(BSO_N_OPERATION_ID,URO_N_ROLE_ID)
		values(
		(select BSO_N_OPERATION_ID from BSST_BSO_SERVICE_OPERATION where BSO_S_NAME='add' and BSV_N_SERVICE_ID=(select BSV_N_SERVICE_ID from BSST_BSV_SERVICE where BSV_S_SERVICE_NAME='Company')),
		(select URO_N_ROLE_ID from BSST_URO_ROLE where URO_S_NAME='User')
		);


-- get @ Company
insert into BSST_BSO_SERVICE_OPERATION (BSV_N_SERVICE_ID,BSO_S_METHOD,BSO_S_NAME,BSO_S_OPERATION_URL,BSO_S_DESCRIPTION)
	values ((select BSV_N_SERVICE_ID from BSST_BSV_SERVICE where BSV_S_SERVICE_NAME='Company'),'GET','get','/{id}/get','Get Company');
	
	insert into BSST_BOP_OPERATION_PARAM(BOP_PARAM_NAME,BSO_N_OPERATION_ID,BOP_C_FLG_URL,BOP_C_REQUIRED,BOP_S_DESCRIPTION,BOP_N_SHOW_ORDER,BOP_S_TYPE)
		values ('id',
		(select BSO_N_OPERATION_ID from BSST_BSO_SERVICE_OPERATION where BSO_S_NAME='get' and BSV_N_SERVICE_ID=(select BSV_N_SERVICE_ID from BSST_BSV_SERVICE where BSV_S_SERVICE_NAME='Company'))
		,'Y','Y','id',1,'number');
		
	insert into BSST_OPE_OPERATION_GRANT(BSO_N_OPERATION_ID,URO_N_ROLE_ID)
		values(
		(select BSO_N_OPERATION_ID from BSST_BSO_SERVICE_OPERATION where BSO_S_NAME='get' and BSV_N_SERVICE_ID=(select BSV_N_SERVICE_ID from BSST_BSV_SERVICE where BSV_S_SERVICE_NAME='Company')),
		(select URO_N_ROLE_ID from BSST_URO_ROLE where URO_S_NAME='User')
		);
	
-- getByCode @ Company
insert into BSST_BSO_SERVICE_OPERATION (BSV_N_SERVICE_ID,BSO_S_METHOD,BSO_S_NAME,BSO_S_OPERATION_URL,BSO_S_DESCRIPTION)
	values ((select BSV_N_SERVICE_ID from BSST_BSV_SERVICE where BSV_S_SERVICE_NAME='Company'),'GET','getByCode','/getByCode','Get person by code');
	
	insert into BSST_BOP_OPERATION_PARAM(BOP_PARAM_NAME,BSO_N_OPERATION_ID,BOP_C_FLG_URL,BOP_C_REQUIRED,BOP_S_DESCRIPTION,BOP_N_SHOW_ORDER)
		values ('code',
		(select BSO_N_OPERATION_ID from BSST_BSO_SERVICE_OPERATION where BSO_S_NAME='getByCode' and BSV_N_SERVICE_ID=(select BSV_N_SERVICE_ID from BSST_BSV_SERVICE where BSV_S_SERVICE_NAME='Company'))
		,'N','Y','code',1);
		
	insert into BSST_OPE_OPERATION_GRANT(BSO_N_OPERATION_ID,URO_N_ROLE_ID)
		values(
		(select BSO_N_OPERATION_ID from BSST_BSO_SERVICE_OPERATION where BSO_S_NAME='getByCode' and BSV_N_SERVICE_ID=(select BSV_N_SERVICE_ID from BSST_BSV_SERVICE where BSV_S_SERVICE_NAME='Company')),
		(select URO_N_ROLE_ID from BSST_URO_ROLE where URO_S_NAME='User')
		);
		
		
		
-- update @ Company
insert into BSST_BSO_SERVICE_OPERATION (BSV_N_SERVICE_ID,BSO_S_METHOD,BSO_S_NAME,BSO_S_OPERATION_URL,BSO_S_DESCRIPTION)
	values ((select BSV_N_SERVICE_ID from BSST_BSV_SERVICE where BSV_S_SERVICE_NAME='Company'),'POST','update','/{id}/update','Update company');
	
	
	insert into BSST_BOP_OPERATION_PARAM(BOP_PARAM_NAME,BSO_N_OPERATION_ID,BOP_C_FLG_URL,BOP_C_REQUIRED,BOP_S_DESCRIPTION,BOP_N_SHOW_ORDER,BOP_S_TYPE)
		values ('id',
		(select BSO_N_OPERATION_ID from BSST_BSO_SERVICE_OPERATION where BSO_S_NAME='update' and BSV_N_SERVICE_ID=(select BSV_N_SERVICE_ID from BSST_BSV_SERVICE where BSV_S_SERVICE_NAME='Company'))
		,'Y','Y','id',1,'number');
	insert into BSST_BOP_OPERATION_PARAM(BOP_PARAM_NAME,BSO_N_OPERATION_ID,BOP_C_FLG_URL,BOP_C_REQUIRED,BOP_S_DESCRIPTION,BOP_N_SHOW_ORDER)
		values ('name',
		(select BSO_N_OPERATION_ID from BSST_BSO_SERVICE_OPERATION where BSO_S_NAME='update' and BSV_N_SERVICE_ID=(select BSV_N_SERVICE_ID from BSST_BSV_SERVICE where BSV_S_SERVICE_NAME='Company'))
		,'Y','Y','name',2);
	insert into BSST_BOP_OPERATION_PARAM(BOP_PARAM_NAME,BSO_N_OPERATION_ID,BOP_C_FLG_URL,BOP_C_REQUIRED,BOP_S_DESCRIPTION,BOP_N_SHOW_ORDER)
		values ('code',
		(select BSO_N_OPERATION_ID from BSST_BSO_SERVICE_OPERATION where BSO_S_NAME='update' and BSV_N_SERVICE_ID=(select BSV_N_SERVICE_ID from BSST_BSV_SERVICE where BSV_S_SERVICE_NAME='Company'))
		,'Y','N','Code',3);
	insert into BSST_BOP_OPERATION_PARAM(BOP_PARAM_NAME,BSO_N_OPERATION_ID,BOP_C_FLG_URL,BOP_C_REQUIRED,BOP_S_DESCRIPTION,BOP_N_SHOW_ORDER)
		values ('address',
		(select BSO_N_OPERATION_ID from BSST_BSO_SERVICE_OPERATION where BSO_S_NAME='update' and BSV_N_SERVICE_ID=(select BSV_N_SERVICE_ID from BSST_BSV_SERVICE where BSV_S_SERVICE_NAME='Company'))
		,'Y','N','Address',4);
	insert into BSST_BOP_OPERATION_PARAM(BOP_PARAM_NAME,BSO_N_OPERATION_ID,BOP_C_FLG_URL,BOP_C_REQUIRED,BOP_S_DESCRIPTION,BOP_N_SHOW_ORDER)
		values ('zipCode',
		(select BSO_N_OPERATION_ID from BSST_BSO_SERVICE_OPERATION where BSO_S_NAME='update' and BSV_N_SERVICE_ID=(select BSV_N_SERVICE_ID from BSST_BSV_SERVICE where BSV_S_SERVICE_NAME='Company'))
		,'Y','N','Zip Code',5);
	insert into BSST_BOP_OPERATION_PARAM(BOP_PARAM_NAME,BSO_N_OPERATION_ID,BOP_C_FLG_URL,BOP_C_REQUIRED,BOP_S_DESCRIPTION,BOP_N_SHOW_ORDER,BOP_S_TYPE)
		values ('cityId',
		(select BSO_N_OPERATION_ID from BSST_BSO_SERVICE_OPERATION where BSO_S_NAME='update' and BSV_N_SERVICE_ID=(select BSV_N_SERVICE_ID from BSST_BSV_SERVICE where BSV_S_SERVICE_NAME='Company'))
		,'Y','N','City Id',6,'number');
	insert into BSST_BOP_OPERATION_PARAM(BOP_PARAM_NAME,BSO_N_OPERATION_ID,BOP_C_FLG_URL,BOP_C_REQUIRED,BOP_S_DESCRIPTION,BOP_N_SHOW_ORDER)
		values ('fiscalCode',
		(select BSO_N_OPERATION_ID from BSST_BSO_SERVICE_OPERATION where BSO_S_NAME='update' and BSV_N_SERVICE_ID=(select BSV_N_SERVICE_ID from BSST_BSV_SERVICE where BSV_S_SERVICE_NAME='Company'))
		,'Y','N','Fiscal Code',7);	
	insert into BSST_BOP_OPERATION_PARAM(BOP_PARAM_NAME,BSO_N_OPERATION_ID,BOP_C_FLG_URL,BOP_C_REQUIRED,BOP_S_DESCRIPTION,BOP_N_SHOW_ORDER)
		values ('vatCode',
		(select BSO_N_OPERATION_ID from BSST_BSO_SERVICE_OPERATION where BSO_S_NAME='update' and BSV_N_SERVICE_ID=(select BSV_N_SERVICE_ID from BSST_BSV_SERVICE where BSV_S_SERVICE_NAME='Company'))
		,'Y','N','Vat Code',8);	
				
	insert into BSST_OPE_OPERATION_GRANT(BSO_N_OPERATION_ID,URO_N_ROLE_ID)
		values(
		(select BSO_N_OPERATION_ID from BSST_BSO_SERVICE_OPERATION where BSO_S_NAME='update' and BSV_N_SERVICE_ID=(select BSV_N_SERVICE_ID from BSST_BSV_SERVICE where BSV_S_SERVICE_NAME='Company')),
		(select URO_N_ROLE_ID from BSST_URO_ROLE where URO_S_NAME='User')
		);

-- remove @ Company
insert into BSST_BSO_SERVICE_OPERATION (BSV_N_SERVICE_ID,BSO_S_METHOD,BSO_S_NAME,BSO_S_OPERATION_URL,BSO_S_DESCRIPTION)
	values ((select BSV_N_SERVICE_ID from BSST_BSV_SERVICE where BSV_S_SERVICE_NAME='Company'),'GET','remove','/{id}/remove','Remove company');
	
	insert into BSST_BOP_OPERATION_PARAM(BOP_PARAM_NAME,BSO_N_OPERATION_ID,BOP_C_FLG_URL,BOP_C_REQUIRED,BOP_S_DESCRIPTION,BOP_N_SHOW_ORDER,BOP_S_TYPE)
		values ('id',
		(select BSO_N_OPERATION_ID from BSST_BSO_SERVICE_OPERATION where BSO_S_NAME='remove' and BSV_N_SERVICE_ID=(select BSV_N_SERVICE_ID from BSST_BSV_SERVICE where BSV_S_SERVICE_NAME='Company'))
		,'Y','Y','id',1,'number');
		
	insert into BSST_OPE_OPERATION_GRANT(BSO_N_OPERATION_ID,URO_N_ROLE_ID)
		values(
		(select BSO_N_OPERATION_ID from BSST_BSO_SERVICE_OPERATION where BSO_S_NAME='remove' and BSV_N_SERVICE_ID=(select BSV_N_SERVICE_ID from BSST_BSV_SERVICE where BSV_S_SERVICE_NAME='Company')),
		(select URO_N_ROLE_ID from BSST_URO_ROLE where URO_S_NAME='User')
		);

-- find @ Company
insert into BSST_BSO_SERVICE_OPERATION (BSV_N_SERVICE_ID,BSO_S_METHOD,BSO_S_NAME,BSO_S_OPERATION_URL,BSO_S_DESCRIPTION)
	values ((select BSV_N_SERVICE_ID from BSST_BSV_SERVICE where BSV_S_SERVICE_NAME='Company'),'GET','find','/find','Find companies');
	
	insert into BSST_BOP_OPERATION_PARAM(BOP_PARAM_NAME,BSO_N_OPERATION_ID,BOP_C_FLG_URL,BOP_C_REQUIRED,BOP_S_DESCRIPTION,BOP_N_SHOW_ORDER)
		values ('code',
		(select BSO_N_OPERATION_ID from BSST_BSO_SERVICE_OPERATION where BSO_S_NAME='find' and BSV_N_SERVICE_ID=(select BSV_N_SERVICE_ID from BSST_BSV_SERVICE where BSV_S_SERVICE_NAME='Company'))
		,'N','N','code',1);
	
	insert into BSST_BOP_OPERATION_PARAM(BOP_PARAM_NAME,BSO_N_OPERATION_ID,BOP_C_FLG_URL,BOP_C_REQUIRED,BOP_S_DESCRIPTION,BOP_N_SHOW_ORDER)
		values ('name',
		(select BSO_N_OPERATION_ID from BSST_BSO_SERVICE_OPERATION where BSO_S_NAME='find' and BSV_N_SERVICE_ID=(select BSV_N_SERVICE_ID from BSST_BSV_SERVICE where BSV_S_SERVICE_NAME='Company'))
		,'N','N','id',2);
	
	insert into BSST_BOP_OPERATION_PARAM(BOP_PARAM_NAME,BSO_N_OPERATION_ID,BOP_C_FLG_URL,BOP_C_REQUIRED,BOP_S_DESCRIPTION,BOP_N_SHOW_ORDER,BOP_S_TYPE)
		values ('offset',
		(select BSO_N_OPERATION_ID from BSST_BSO_SERVICE_OPERATION where BSO_S_NAME='find' and BSV_N_SERVICE_ID=(select BSV_N_SERVICE_ID from BSST_BSV_SERVICE where BSV_S_SERVICE_NAME='Company'))
		,'N','N','offset',3,'number');
	
	insert into BSST_BOP_OPERATION_PARAM(BOP_PARAM_NAME,BSO_N_OPERATION_ID,BOP_C_FLG_URL,BOP_C_REQUIRED,BOP_S_DESCRIPTION,BOP_N_SHOW_ORDER,BOP_S_TYPE)
		values ('size',
		(select BSO_N_OPERATION_ID from BSST_BSO_SERVICE_OPERATION where BSO_S_NAME='find' and BSV_N_SERVICE_ID=(select BSV_N_SERVICE_ID from BSST_BSV_SERVICE where BSV_S_SERVICE_NAME='Company'))
		,'N','N','size',4,'number');	
		
	insert into BSST_OPE_OPERATION_GRANT(BSO_N_OPERATION_ID,URO_N_ROLE_ID)
		values(
		(select BSO_N_OPERATION_ID from BSST_BSO_SERVICE_OPERATION where BSO_S_NAME='find' and BSV_N_SERVICE_ID=(select BSV_N_SERVICE_ID from BSST_BSV_SERVICE where BSV_S_SERVICE_NAME='Company')),
		(select URO_N_ROLE_ID from BSST_URO_ROLE where URO_S_NAME='User')
		);
	
-- getRolesAll @ Company
insert into BSST_BSO_SERVICE_OPERATION (BSV_N_SERVICE_ID,BSO_S_METHOD,BSO_S_NAME,BSO_S_OPERATION_URL,BSO_S_DESCRIPTION)
	values ((select BSV_N_SERVICE_ID from BSST_BSV_SERVICE where BSV_S_SERVICE_NAME='Company'),'GET','getRolesAll','/getRolesAll','Get Roles All');

	insert into BSST_OPE_OPERATION_GRANT(BSO_N_OPERATION_ID,URO_N_ROLE_ID)
		values(
		(select BSO_N_OPERATION_ID from BSST_BSO_SERVICE_OPERATION where BSO_S_NAME='getRolesAll' and BSV_N_SERVICE_ID=(select BSV_N_SERVICE_ID from BSST_BSV_SERVICE where BSV_S_SERVICE_NAME='Company')),
		(select URO_N_ROLE_ID from BSST_URO_ROLE where URO_S_NAME='User')
		);
	