delete from BSST_OPE_OPERATION_GRANT
	where BSO_N_OPERATION_ID in 
	(select BSO_N_OPERATION_ID from BSST_BSO_SERVICE_OPERATION
	where BSV_N_SERVICE_ID in (select BSV_N_SERVICE_ID from BSST_BSV_SERVICE where BSV_S_SERVICE_NAME 
	in ('Product')));

delete from BSST_BOP_OPERATION_PARAM
	where BSO_N_OPERATION_ID in 
	(select BSO_N_OPERATION_ID from BSST_BSO_SERVICE_OPERATION
	where BSV_N_SERVICE_ID in (select BSV_N_SERVICE_ID from BSST_BSV_SERVICE where BSV_S_SERVICE_NAME 
	in ('Product')));

delete from BSST_BSO_SERVICE_OPERATION
	where BSV_N_SERVICE_ID in (select BSV_N_SERVICE_ID from BSST_BSV_SERVICE where BSV_S_SERVICE_NAME 
	in ('Product'));
	
delete from BSST_BSV_SERVICE where BSV_S_SERVICE_NAME 
	in ('Product');
	
insert into BSST_BSV_SERVICE(BSV_S_SERVICE_NAME,BSV_S_SERVICE_URL)
	values ('Product','/product');
	
-- Category
-- addCategory @ Product
insert into BSST_BSO_SERVICE_OPERATION (BSV_N_SERVICE_ID,BSO_S_METHOD,BSO_S_NAME,BSO_S_OPERATION_URL,BSO_S_DESCRIPTION)
	values ((select BSV_N_SERVICE_ID from BSST_BSV_SERVICE where BSV_S_SERVICE_NAME='Product'),'POST','addCategory','/addCategory','Create Product Category');
	
	insert into BSST_BOP_OPERATION_PARAM(BOP_PARAM_NAME,BSO_N_OPERATION_ID,BOP_C_FLG_URL,BOP_C_REQUIRED,BOP_S_DESCRIPTION,BOP_N_SHOW_ORDER)
		values ('name',
		(select BSO_N_OPERATION_ID from BSST_BSO_SERVICE_OPERATION where BSO_S_NAME='addCategory' and BSV_N_SERVICE_ID=(select BSV_N_SERVICE_ID from BSST_BSV_SERVICE where BSV_S_SERVICE_NAME='Product'))
		,'Y','Y','Name',1);
	
	insert into BSST_BOP_OPERATION_PARAM(BOP_PARAM_NAME,BSO_N_OPERATION_ID,BOP_C_FLG_URL,BOP_C_REQUIRED,BOP_S_DESCRIPTION,BOP_N_SHOW_ORDER,BOP_S_TYPE)
		values ('vat',
		(select BSO_N_OPERATION_ID from BSST_BSO_SERVICE_OPERATION where BSO_S_NAME='addCategory' and BSV_N_SERVICE_ID=(select BSV_N_SERVICE_ID from BSST_BSV_SERVICE where BSV_S_SERVICE_NAME='Product'))
		,'Y','Y','Vat',2,'number');
		
	insert into BSST_BOP_OPERATION_PARAM(BOP_PARAM_NAME,BSO_N_OPERATION_ID,BOP_C_FLG_URL,BOP_C_REQUIRED,BOP_S_DESCRIPTION,BOP_N_SHOW_ORDER,BOP_S_TYPE)
		values ('metricId',
		(select BSO_N_OPERATION_ID from BSST_BSO_SERVICE_OPERATION where BSO_S_NAME='addCategory' and BSV_N_SERVICE_ID=(select BSV_N_SERVICE_ID from BSST_BSV_SERVICE where BSV_S_SERVICE_NAME='Product'))
		,'Y','Y','MetricId',3,'number');
	
	insert into BSST_BOP_OPERATION_PARAM(BOP_PARAM_NAME,BSO_N_OPERATION_ID,BOP_C_FLG_URL,BOP_C_REQUIRED,BOP_S_DESCRIPTION,BOP_N_SHOW_ORDER)
		values ('description',
		(select BSO_N_OPERATION_ID from BSST_BSO_SERVICE_OPERATION where BSO_S_NAME='addCategory' and BSV_N_SERVICE_ID=(select BSV_N_SERVICE_ID from BSST_BSV_SERVICE where BSV_S_SERVICE_NAME='Product'))
		,'Y','N','Description',4);
	
	insert into BSST_OPE_OPERATION_GRANT(BSO_N_OPERATION_ID,URO_N_ROLE_ID)
		values(
		(select BSO_N_OPERATION_ID from BSST_BSO_SERVICE_OPERATION where BSO_S_NAME='addCategory' and BSV_N_SERVICE_ID=(select BSV_N_SERVICE_ID from BSST_BSV_SERVICE where BSV_S_SERVICE_NAME='Product')),
		(select URO_N_ROLE_ID from BSST_URO_ROLE where URO_S_NAME='User')
		);
		
-- getCategoryAll @ Product
insert into BSST_BSO_SERVICE_OPERATION (BSV_N_SERVICE_ID,BSO_S_METHOD,BSO_S_NAME,BSO_S_OPERATION_URL,BSO_S_DESCRIPTION)
	values ((select BSV_N_SERVICE_ID from BSST_BSV_SERVICE where BSV_S_SERVICE_NAME='Product'),'GET','getCategoryAll','/getCategoryAll','Return all categories');
		

-- updateCategory @ Product
insert into BSST_BSO_SERVICE_OPERATION (BSV_N_SERVICE_ID,BSO_S_METHOD,BSO_S_NAME,BSO_S_OPERATION_URL,BSO_S_DESCRIPTION)
	values ((select BSV_N_SERVICE_ID from BSST_BSV_SERVICE where BSV_S_SERVICE_NAME='Product'),'POST','updateCategory','/{id}/updateCategory','Update category');
	
	insert into BSST_BOP_OPERATION_PARAM(BOP_PARAM_NAME,BSO_N_OPERATION_ID,BOP_C_FLG_URL,BOP_C_REQUIRED,BOP_S_DESCRIPTION,BOP_N_SHOW_ORDER,BOP_S_TYPE)
		values ('id',
		(select BSO_N_OPERATION_ID from BSST_BSO_SERVICE_OPERATION where BSO_S_NAME='updateCategory' and BSV_N_SERVICE_ID=(select BSV_N_SERVICE_ID from BSST_BSV_SERVICE where BSV_S_SERVICE_NAME='Product'))
		,'Y','Y','Id',1,'number');
	
	insert into BSST_BOP_OPERATION_PARAM(BOP_PARAM_NAME,BSO_N_OPERATION_ID,BOP_C_FLG_URL,BOP_C_REQUIRED,BOP_S_DESCRIPTION,BOP_N_SHOW_ORDER)
		values ('name',
		(select BSO_N_OPERATION_ID from BSST_BSO_SERVICE_OPERATION where BSO_S_NAME='updateCategory' and BSV_N_SERVICE_ID=(select BSV_N_SERVICE_ID from BSST_BSV_SERVICE where BSV_S_SERVICE_NAME='Product'))
		,'Y','Y','Name',2);
	
	insert into BSST_BOP_OPERATION_PARAM(BOP_PARAM_NAME,BSO_N_OPERATION_ID,BOP_C_FLG_URL,BOP_C_REQUIRED,BOP_S_DESCRIPTION,BOP_N_SHOW_ORDER,BOP_S_TYPE)
		values ('vat',
		(select BSO_N_OPERATION_ID from BSST_BSO_SERVICE_OPERATION where BSO_S_NAME='updateCategory' and BSV_N_SERVICE_ID=(select BSV_N_SERVICE_ID from BSST_BSV_SERVICE where BSV_S_SERVICE_NAME='Product'))
		,'Y','Y','Vat',3,'number');
		
	insert into BSST_BOP_OPERATION_PARAM(BOP_PARAM_NAME,BSO_N_OPERATION_ID,BOP_C_FLG_URL,BOP_C_REQUIRED,BOP_S_DESCRIPTION,BOP_N_SHOW_ORDER,BOP_S_TYPE)
		values ('metricId',
		(select BSO_N_OPERATION_ID from BSST_BSO_SERVICE_OPERATION where BSO_S_NAME='updateCategory' and BSV_N_SERVICE_ID=(select BSV_N_SERVICE_ID from BSST_BSV_SERVICE where BSV_S_SERVICE_NAME='Product'))
		,'Y','Y','MetricId',4,'number');
	
	insert into BSST_BOP_OPERATION_PARAM(BOP_PARAM_NAME,BSO_N_OPERATION_ID,BOP_C_FLG_URL,BOP_C_REQUIRED,BOP_S_DESCRIPTION,BOP_N_SHOW_ORDER)
		values ('description',
		(select BSO_N_OPERATION_ID from BSST_BSO_SERVICE_OPERATION where BSO_S_NAME='updateCategory' and BSV_N_SERVICE_ID=(select BSV_N_SERVICE_ID from BSST_BSV_SERVICE where BSV_S_SERVICE_NAME='Product'))
		,'Y','N','Description',5);
	
	insert into BSST_OPE_OPERATION_GRANT(BSO_N_OPERATION_ID,URO_N_ROLE_ID)
		values(
		(select BSO_N_OPERATION_ID from BSST_BSO_SERVICE_OPERATION where BSO_S_NAME='updateCategory' and BSV_N_SERVICE_ID=(select BSV_N_SERVICE_ID from BSST_BSV_SERVICE where BSV_S_SERVICE_NAME='Product')),
		(select URO_N_ROLE_ID from BSST_URO_ROLE where URO_S_NAME='User')
		);
	
-- getCategory @ Product
insert into BSST_BSO_SERVICE_OPERATION (BSV_N_SERVICE_ID,BSO_S_METHOD,BSO_S_NAME,BSO_S_OPERATION_URL,BSO_S_DESCRIPTION)
	values ((select BSV_N_SERVICE_ID from BSST_BSV_SERVICE where BSV_S_SERVICE_NAME='Product'),'GET','getCategory','/{id}/getCategory','Get Product Category');
	
	insert into BSST_BOP_OPERATION_PARAM(BOP_PARAM_NAME,BSO_N_OPERATION_ID,BOP_C_FLG_URL,BOP_C_REQUIRED,BOP_S_DESCRIPTION,BOP_N_SHOW_ORDER,BOP_S_TYPE)
		values ('id',
		(select BSO_N_OPERATION_ID from BSST_BSO_SERVICE_OPERATION where BSO_S_NAME='getCategory' and BSV_N_SERVICE_ID=(select BSV_N_SERVICE_ID from BSST_BSV_SERVICE where BSV_S_SERVICE_NAME='Product'))
		,'Y','Y','id',1,'number');
		
	
-- removeCategory @ Product
insert into BSST_BSO_SERVICE_OPERATION (BSV_N_SERVICE_ID,BSO_S_METHOD,BSO_S_NAME,BSO_S_OPERATION_URL,BSO_S_DESCRIPTION)
	values ((select BSV_N_SERVICE_ID from BSST_BSV_SERVICE where BSV_S_SERVICE_NAME='Product'),'GET','removeCategory','/{id}/removeCategory','Remove Product Category');
	
	insert into BSST_BOP_OPERATION_PARAM(BOP_PARAM_NAME,BSO_N_OPERATION_ID,BOP_C_FLG_URL,BOP_C_REQUIRED,BOP_S_DESCRIPTION,BOP_N_SHOW_ORDER,BOP_S_TYPE)
		values ('id',
		(select BSO_N_OPERATION_ID from BSST_BSO_SERVICE_OPERATION where BSO_S_NAME='removeCategory' and BSV_N_SERVICE_ID=(select BSV_N_SERVICE_ID from BSST_BSV_SERVICE where BSV_S_SERVICE_NAME='Product'))
		,'Y','Y','Id',1,'number');
		
	insert into BSST_OPE_OPERATION_GRANT(BSO_N_OPERATION_ID,URO_N_ROLE_ID)
		values(
		(select BSO_N_OPERATION_ID from BSST_BSO_SERVICE_OPERATION where BSO_S_NAME='removeCategory' and BSV_N_SERVICE_ID=(select BSV_N_SERVICE_ID from BSST_BSV_SERVICE where BSV_S_SERVICE_NAME='Product')),
		(select URO_N_ROLE_ID from BSST_URO_ROLE where URO_S_NAME='User')
		);
	
-- Type		
-- addType @ Product
insert into BSST_BSO_SERVICE_OPERATION (BSV_N_SERVICE_ID,BSO_S_METHOD,BSO_S_NAME,BSO_S_OPERATION_URL,BSO_S_DESCRIPTION)
	values ((select BSV_N_SERVICE_ID from BSST_BSV_SERVICE where BSV_S_SERVICE_NAME='Product'),'POST','addType','/addType','Create Product Type');
	
	insert into BSST_BOP_OPERATION_PARAM(BOP_PARAM_NAME,BSO_N_OPERATION_ID,BOP_C_FLG_URL,BOP_C_REQUIRED,BOP_S_DESCRIPTION,BOP_N_SHOW_ORDER)
		values ('name',
		(select BSO_N_OPERATION_ID from BSST_BSO_SERVICE_OPERATION where BSO_S_NAME='addType' and BSV_N_SERVICE_ID=(select BSV_N_SERVICE_ID from BSST_BSV_SERVICE where BSV_S_SERVICE_NAME='Product'))
		,'Y','Y','Name',1);
	
	insert into BSST_BOP_OPERATION_PARAM(BOP_PARAM_NAME,BSO_N_OPERATION_ID,BOP_C_FLG_URL,BOP_C_REQUIRED,BOP_S_DESCRIPTION,BOP_N_SHOW_ORDER)
		values ('description',
		(select BSO_N_OPERATION_ID from BSST_BSO_SERVICE_OPERATION where BSO_S_NAME='addType' and BSV_N_SERVICE_ID=(select BSV_N_SERVICE_ID from BSST_BSV_SERVICE where BSV_S_SERVICE_NAME='Product'))
		,'Y','N','Description',2);
	
	insert into BSST_OPE_OPERATION_GRANT(BSO_N_OPERATION_ID,URO_N_ROLE_ID)
		values(
		(select BSO_N_OPERATION_ID from BSST_BSO_SERVICE_OPERATION where BSO_S_NAME='addType' and BSV_N_SERVICE_ID=(select BSV_N_SERVICE_ID from BSST_BSV_SERVICE where BSV_S_SERVICE_NAME='Product')),
		(select URO_N_ROLE_ID from BSST_URO_ROLE where URO_S_NAME='User')
		);
		
-- getTypeAll @ Product
insert into BSST_BSO_SERVICE_OPERATION (BSV_N_SERVICE_ID,BSO_S_METHOD,BSO_S_NAME,BSO_S_OPERATION_URL,BSO_S_DESCRIPTION)
	values ((select BSV_N_SERVICE_ID from BSST_BSV_SERVICE where BSV_S_SERVICE_NAME='Product'),'GET','getTypeAll','/getTypeAll','Return all types');
		

-- updateType @ Product
insert into BSST_BSO_SERVICE_OPERATION (BSV_N_SERVICE_ID,BSO_S_METHOD,BSO_S_NAME,BSO_S_OPERATION_URL,BSO_S_DESCRIPTION)
	values ((select BSV_N_SERVICE_ID from BSST_BSV_SERVICE where BSV_S_SERVICE_NAME='Product'),'POST','updateType','/{id}/updateType','Update type');
	
	insert into BSST_BOP_OPERATION_PARAM(BOP_PARAM_NAME,BSO_N_OPERATION_ID,BOP_C_FLG_URL,BOP_C_REQUIRED,BOP_S_DESCRIPTION,BOP_N_SHOW_ORDER,BOP_S_TYPE)
		values ('id',
		(select BSO_N_OPERATION_ID from BSST_BSO_SERVICE_OPERATION where BSO_S_NAME='updateType' and BSV_N_SERVICE_ID=(select BSV_N_SERVICE_ID from BSST_BSV_SERVICE where BSV_S_SERVICE_NAME='Product'))
		,'Y','Y','Id',1,'number');
	
	insert into BSST_BOP_OPERATION_PARAM(BOP_PARAM_NAME,BSO_N_OPERATION_ID,BOP_C_FLG_URL,BOP_C_REQUIRED,BOP_S_DESCRIPTION,BOP_N_SHOW_ORDER)
		values ('name',
		(select BSO_N_OPERATION_ID from BSST_BSO_SERVICE_OPERATION where BSO_S_NAME='updateType' and BSV_N_SERVICE_ID=(select BSV_N_SERVICE_ID from BSST_BSV_SERVICE where BSV_S_SERVICE_NAME='Product'))
		,'Y','Y','Name',2);
	
	insert into BSST_BOP_OPERATION_PARAM(BOP_PARAM_NAME,BSO_N_OPERATION_ID,BOP_C_FLG_URL,BOP_C_REQUIRED,BOP_S_DESCRIPTION,BOP_N_SHOW_ORDER)
		values ('description',
		(select BSO_N_OPERATION_ID from BSST_BSO_SERVICE_OPERATION where BSO_S_NAME='updateType' and BSV_N_SERVICE_ID=(select BSV_N_SERVICE_ID from BSST_BSV_SERVICE where BSV_S_SERVICE_NAME='Product'))
		,'Y','N','Description',3);
	
	insert into BSST_OPE_OPERATION_GRANT(BSO_N_OPERATION_ID,URO_N_ROLE_ID)
		values(
		(select BSO_N_OPERATION_ID from BSST_BSO_SERVICE_OPERATION where BSO_S_NAME='updateType' and BSV_N_SERVICE_ID=(select BSV_N_SERVICE_ID from BSST_BSV_SERVICE where BSV_S_SERVICE_NAME='Product')),
		(select URO_N_ROLE_ID from BSST_URO_ROLE where URO_S_NAME='User')
		);
	
-- getType @ Product
insert into BSST_BSO_SERVICE_OPERATION (BSV_N_SERVICE_ID,BSO_S_METHOD,BSO_S_NAME,BSO_S_OPERATION_URL,BSO_S_DESCRIPTION)
	values ((select BSV_N_SERVICE_ID from BSST_BSV_SERVICE where BSV_S_SERVICE_NAME='Product'),'GET','getType','/{id}/getType','Get Product Type');
	
	insert into BSST_BOP_OPERATION_PARAM(BOP_PARAM_NAME,BSO_N_OPERATION_ID,BOP_C_FLG_URL,BOP_C_REQUIRED,BOP_S_DESCRIPTION,BOP_N_SHOW_ORDER,BOP_S_TYPE)
		values ('id',
		(select BSO_N_OPERATION_ID from BSST_BSO_SERVICE_OPERATION where BSO_S_NAME='getType' and BSV_N_SERVICE_ID=(select BSV_N_SERVICE_ID from BSST_BSV_SERVICE where BSV_S_SERVICE_NAME='Product'))
		,'Y','Y','id',1,'number');
		
	
-- removeType @ Product
insert into BSST_BSO_SERVICE_OPERATION (BSV_N_SERVICE_ID,BSO_S_METHOD,BSO_S_NAME,BSO_S_OPERATION_URL,BSO_S_DESCRIPTION)
	values ((select BSV_N_SERVICE_ID from BSST_BSV_SERVICE where BSV_S_SERVICE_NAME='Product'),'GET','removeType','/{id}/removeType','Remove Product Type');
	
	insert into BSST_BOP_OPERATION_PARAM(BOP_PARAM_NAME,BSO_N_OPERATION_ID,BOP_C_FLG_URL,BOP_C_REQUIRED,BOP_S_DESCRIPTION,BOP_N_SHOW_ORDER,BOP_S_TYPE)
		values ('id',
		(select BSO_N_OPERATION_ID from BSST_BSO_SERVICE_OPERATION where BSO_S_NAME='removeType' and BSV_N_SERVICE_ID=(select BSV_N_SERVICE_ID from BSST_BSV_SERVICE where BSV_S_SERVICE_NAME='Product'))
		,'Y','Y','Id',1,'number');
		
	insert into BSST_OPE_OPERATION_GRANT(BSO_N_OPERATION_ID,URO_N_ROLE_ID)
		values(
		(select BSO_N_OPERATION_ID from BSST_BSO_SERVICE_OPERATION where BSO_S_NAME='removeType' and BSV_N_SERVICE_ID=(select BSV_N_SERVICE_ID from BSST_BSV_SERVICE where BSV_S_SERVICE_NAME='Product')),
		(select URO_N_ROLE_ID from BSST_URO_ROLE where URO_S_NAME='User')
		);
	
-- Product
-- add @ Product
insert into BSST_BSO_SERVICE_OPERATION (BSV_N_SERVICE_ID,BSO_S_METHOD,BSO_S_NAME,BSO_S_OPERATION_URL,BSO_S_DESCRIPTION)
	values ((select BSV_N_SERVICE_ID from BSST_BSV_SERVICE where BSV_S_SERVICE_NAME='Product'),'POST','add','/add','Create Product');
	
	insert into BSST_BOP_OPERATION_PARAM(BOP_PARAM_NAME,BSO_N_OPERATION_ID,BOP_C_FLG_URL,BOP_C_REQUIRED,BOP_S_DESCRIPTION,BOP_N_SHOW_ORDER)
		values ('name',
		(select BSO_N_OPERATION_ID from BSST_BSO_SERVICE_OPERATION where BSO_S_NAME='add' and BSV_N_SERVICE_ID=(select BSV_N_SERVICE_ID from BSST_BSV_SERVICE where BSV_S_SERVICE_NAME='Product'))
		,'Y','Y','Name',1);
	
	insert into BSST_BOP_OPERATION_PARAM(BOP_PARAM_NAME,BSO_N_OPERATION_ID,BOP_C_FLG_URL,BOP_C_REQUIRED,BOP_S_DESCRIPTION,BOP_N_SHOW_ORDER)
		values ('description',
		(select BSO_N_OPERATION_ID from BSST_BSO_SERVICE_OPERATION where BSO_S_NAME='add' and BSV_N_SERVICE_ID=(select BSV_N_SERVICE_ID from BSST_BSV_SERVICE where BSV_S_SERVICE_NAME='Product'))
		,'Y','N','Description',2);

	insert into BSST_BOP_OPERATION_PARAM(BOP_PARAM_NAME,BSO_N_OPERATION_ID,BOP_C_FLG_URL,BOP_C_REQUIRED,BOP_S_DESCRIPTION,BOP_N_SHOW_ORDER)
		values ('code',
		(select BSO_N_OPERATION_ID from BSST_BSO_SERVICE_OPERATION where BSO_S_NAME='add' and BSV_N_SERVICE_ID=(select BSV_N_SERVICE_ID from BSST_BSV_SERVICE where BSV_S_SERVICE_NAME='Product'))
		,'Y','N','Code',3);
		
	insert into BSST_BOP_OPERATION_PARAM(BOP_PARAM_NAME,BSO_N_OPERATION_ID,BOP_C_FLG_URL,BOP_C_REQUIRED,BOP_S_DESCRIPTION,BOP_N_SHOW_ORDER,BOP_S_TYPE)
		values ('categoryId',
		(select BSO_N_OPERATION_ID from BSST_BSO_SERVICE_OPERATION where BSO_S_NAME='add' and BSV_N_SERVICE_ID=(select BSV_N_SERVICE_ID from BSST_BSV_SERVICE where BSV_S_SERVICE_NAME='Product'))
		,'Y','Y','CategoryId',4,'number');
	
	insert into BSST_BOP_OPERATION_PARAM(BOP_PARAM_NAME,BSO_N_OPERATION_ID,BOP_C_FLG_URL,BOP_C_REQUIRED,BOP_S_DESCRIPTION,BOP_N_SHOW_ORDER,BOP_S_TYPE)
		values ('typeId',
		(select BSO_N_OPERATION_ID from BSST_BSO_SERVICE_OPERATION where BSO_S_NAME='add' and BSV_N_SERVICE_ID=(select BSV_N_SERVICE_ID from BSST_BSV_SERVICE where BSV_S_SERVICE_NAME='Product'))
		,'Y','Y','TypeId',5,'number');
		
	insert into BSST_BOP_OPERATION_PARAM(BOP_PARAM_NAME,BSO_N_OPERATION_ID,BOP_C_FLG_URL,BOP_C_REQUIRED,BOP_S_DESCRIPTION,BOP_N_SHOW_ORDER,BOP_S_TYPE)
		values ('parentId',
		(select BSO_N_OPERATION_ID from BSST_BSO_SERVICE_OPERATION where BSO_S_NAME='add' and BSV_N_SERVICE_ID=(select BSV_N_SERVICE_ID from BSST_BSV_SERVICE where BSV_S_SERVICE_NAME='Product'))
		,'Y','N','ParentId',6,'number');
	
	insert into BSST_BOP_OPERATION_PARAM(BOP_PARAM_NAME,BSO_N_OPERATION_ID,BOP_C_FLG_URL,BOP_C_REQUIRED,BOP_S_DESCRIPTION,BOP_N_SHOW_ORDER,BOP_S_TYPE)
		values ('producerId',
		(select BSO_N_OPERATION_ID from BSST_BSO_SERVICE_OPERATION where BSO_S_NAME='add' and BSV_N_SERVICE_ID=(select BSV_N_SERVICE_ID from BSST_BSV_SERVICE where BSV_S_SERVICE_NAME='Product'))
		,'Y','N','ProducerId',7,'number');
		
	insert into BSST_OPE_OPERATION_GRANT(BSO_N_OPERATION_ID,URO_N_ROLE_ID)
		values(
		(select BSO_N_OPERATION_ID from BSST_BSO_SERVICE_OPERATION where BSO_S_NAME='add' and BSV_N_SERVICE_ID=(select BSV_N_SERVICE_ID from BSST_BSV_SERVICE where BSV_S_SERVICE_NAME='Product')),
		(select URO_N_ROLE_ID from BSST_URO_ROLE where URO_S_NAME='User')
		);

-- find @ Product
insert into BSST_BSO_SERVICE_OPERATION (BSV_N_SERVICE_ID,BSO_S_METHOD,BSO_S_NAME,BSO_S_OPERATION_URL,BSO_S_DESCRIPTION)
	values ((select BSV_N_SERVICE_ID from BSST_BSV_SERVICE where BSV_S_SERVICE_NAME='Product'),'GET','find','/find','Find products');
	
	insert into BSST_BOP_OPERATION_PARAM(BOP_PARAM_NAME,BSO_N_OPERATION_ID,BOP_C_FLG_URL,BOP_C_REQUIRED,BOP_S_DESCRIPTION,BOP_N_SHOW_ORDER)
		values ('name',
		(select BSO_N_OPERATION_ID from BSST_BSO_SERVICE_OPERATION where BSO_S_NAME='find' and BSV_N_SERVICE_ID=(select BSV_N_SERVICE_ID from BSST_BSV_SERVICE where BSV_S_SERVICE_NAME='Product'))
		,'N','N','Name',1);
	
	insert into BSST_BOP_OPERATION_PARAM(BOP_PARAM_NAME,BSO_N_OPERATION_ID,BOP_C_FLG_URL,BOP_C_REQUIRED,BOP_S_DESCRIPTION,BOP_N_SHOW_ORDER,BOP_S_TYPE)
		values ('categoryId',
		(select BSO_N_OPERATION_ID from BSST_BSO_SERVICE_OPERATION where BSO_S_NAME='find' and BSV_N_SERVICE_ID=(select BSV_N_SERVICE_ID from BSST_BSV_SERVICE where BSV_S_SERVICE_NAME='Product'))
		,'N','N','CategoryId',2,'number');
		
	insert into BSST_BOP_OPERATION_PARAM(BOP_PARAM_NAME,BSO_N_OPERATION_ID,BOP_C_FLG_URL,BOP_C_REQUIRED,BOP_S_DESCRIPTION,BOP_N_SHOW_ORDER,BOP_S_TYPE)
		values ('typeId',
		(select BSO_N_OPERATION_ID from BSST_BSO_SERVICE_OPERATION where BSO_S_NAME='find' and BSV_N_SERVICE_ID=(select BSV_N_SERVICE_ID from BSST_BSV_SERVICE where BSV_S_SERVICE_NAME='Product'))
		,'N','N','TypeId',3,'number');
		
	insert into BSST_BOP_OPERATION_PARAM(BOP_PARAM_NAME,BSO_N_OPERATION_ID,BOP_C_FLG_URL,BOP_C_REQUIRED,BOP_S_DESCRIPTION,BOP_N_SHOW_ORDER)
		values ('attrName',
		(select BSO_N_OPERATION_ID from BSST_BSO_SERVICE_OPERATION where BSO_S_NAME='find' and BSV_N_SERVICE_ID=(select BSV_N_SERVICE_ID from BSST_BSV_SERVICE where BSV_S_SERVICE_NAME='Product'))
		,'N','N','AttrName',4);
	
	insert into BSST_BOP_OPERATION_PARAM(BOP_PARAM_NAME,BSO_N_OPERATION_ID,BOP_C_FLG_URL,BOP_C_REQUIRED,BOP_S_DESCRIPTION,BOP_N_SHOW_ORDER)
		values ('attrValue',
		(select BSO_N_OPERATION_ID from BSST_BSO_SERVICE_OPERATION where BSO_S_NAME='find' and BSV_N_SERVICE_ID=(select BSV_N_SERVICE_ID from BSST_BSV_SERVICE where BSV_S_SERVICE_NAME='Product'))
		,'N','N','AttrValue',5);
		
	insert into BSST_BOP_OPERATION_PARAM(BOP_PARAM_NAME,BSO_N_OPERATION_ID,BOP_C_FLG_URL,BOP_C_REQUIRED,BOP_S_DESCRIPTION,BOP_N_SHOW_ORDER,BOP_S_TYPE)
		values ('offset',
		(select BSO_N_OPERATION_ID from BSST_BSO_SERVICE_OPERATION where BSO_S_NAME='find' and BSV_N_SERVICE_ID=(select BSV_N_SERVICE_ID from BSST_BSV_SERVICE where BSV_S_SERVICE_NAME='Product'))
		,'N','N','offset',6,'number');
	
	insert into BSST_BOP_OPERATION_PARAM(BOP_PARAM_NAME,BSO_N_OPERATION_ID,BOP_C_FLG_URL,BOP_C_REQUIRED,BOP_S_DESCRIPTION,BOP_N_SHOW_ORDER,BOP_S_TYPE)
		values ('size',
		(select BSO_N_OPERATION_ID from BSST_BSO_SERVICE_OPERATION where BSO_S_NAME='find' and BSV_N_SERVICE_ID=(select BSV_N_SERVICE_ID from BSST_BSV_SERVICE where BSV_S_SERVICE_NAME='Product'))
		,'N','N','size',7,'number');	
		
	insert into BSST_OPE_OPERATION_GRANT(BSO_N_OPERATION_ID,URO_N_ROLE_ID)
		values(
		(select BSO_N_OPERATION_ID from BSST_BSO_SERVICE_OPERATION where BSO_S_NAME='find' and BSV_N_SERVICE_ID=(select BSV_N_SERVICE_ID from BSST_BSV_SERVICE where BSV_S_SERVICE_NAME='Product')),
		(select URO_N_ROLE_ID from BSST_URO_ROLE where URO_S_NAME='User')
		);

-- get @ Product
insert into BSST_BSO_SERVICE_OPERATION (BSV_N_SERVICE_ID,BSO_S_METHOD,BSO_S_NAME,BSO_S_OPERATION_URL,BSO_S_DESCRIPTION)
	values ((select BSV_N_SERVICE_ID from BSST_BSV_SERVICE where BSV_S_SERVICE_NAME='Product'),'GET','get','/{id}/get','Get Product');
	
	insert into BSST_BOP_OPERATION_PARAM(BOP_PARAM_NAME,BSO_N_OPERATION_ID,BOP_C_FLG_URL,BOP_C_REQUIRED,BOP_S_DESCRIPTION,BOP_N_SHOW_ORDER,BOP_S_TYPE)
		values ('id',
		(select BSO_N_OPERATION_ID from BSST_BSO_SERVICE_OPERATION where BSO_S_NAME='get' and BSV_N_SERVICE_ID=(select BSV_N_SERVICE_ID from BSST_BSV_SERVICE where BSV_S_SERVICE_NAME='Product'))
		,'Y','Y','id',1,'number');

-- update @ Product
insert into BSST_BSO_SERVICE_OPERATION (BSV_N_SERVICE_ID,BSO_S_METHOD,BSO_S_NAME,BSO_S_OPERATION_URL,BSO_S_DESCRIPTION)
	values ((select BSV_N_SERVICE_ID from BSST_BSV_SERVICE where BSV_S_SERVICE_NAME='Product'),'POST','update','/{id}/update','Update Peoduct');
	
	insert into BSST_BOP_OPERATION_PARAM(BOP_PARAM_NAME,BSO_N_OPERATION_ID,BOP_C_FLG_URL,BOP_C_REQUIRED,BOP_S_DESCRIPTION,BOP_N_SHOW_ORDER,BOP_S_TYPE)
		values ('id',
		(select BSO_N_OPERATION_ID from BSST_BSO_SERVICE_OPERATION where BSO_S_NAME='update' and BSV_N_SERVICE_ID=(select BSV_N_SERVICE_ID from BSST_BSV_SERVICE where BSV_S_SERVICE_NAME='Product'))
		,'Y','Y','Id',1,'number');
	
	insert into BSST_BOP_OPERATION_PARAM(BOP_PARAM_NAME,BSO_N_OPERATION_ID,BOP_C_FLG_URL,BOP_C_REQUIRED,BOP_S_DESCRIPTION,BOP_N_SHOW_ORDER)
		values ('name',
		(select BSO_N_OPERATION_ID from BSST_BSO_SERVICE_OPERATION where BSO_S_NAME='update' and BSV_N_SERVICE_ID=(select BSV_N_SERVICE_ID from BSST_BSV_SERVICE where BSV_S_SERVICE_NAME='Product'))
		,'Y','Y','Name',2);
	
	insert into BSST_BOP_OPERATION_PARAM(BOP_PARAM_NAME,BSO_N_OPERATION_ID,BOP_C_FLG_URL,BOP_C_REQUIRED,BOP_S_DESCRIPTION,BOP_N_SHOW_ORDER)
		values ('description',
		(select BSO_N_OPERATION_ID from BSST_BSO_SERVICE_OPERATION where BSO_S_NAME='update' and BSV_N_SERVICE_ID=(select BSV_N_SERVICE_ID from BSST_BSV_SERVICE where BSV_S_SERVICE_NAME='Product'))
		,'Y','N','Description',3);

	insert into BSST_BOP_OPERATION_PARAM(BOP_PARAM_NAME,BSO_N_OPERATION_ID,BOP_C_FLG_URL,BOP_C_REQUIRED,BOP_S_DESCRIPTION,BOP_N_SHOW_ORDER)
		values ('code',
		(select BSO_N_OPERATION_ID from BSST_BSO_SERVICE_OPERATION where BSO_S_NAME='update' and BSV_N_SERVICE_ID=(select BSV_N_SERVICE_ID from BSST_BSV_SERVICE where BSV_S_SERVICE_NAME='Product'))
		,'Y','N','Code',4);
		
	insert into BSST_BOP_OPERATION_PARAM(BOP_PARAM_NAME,BSO_N_OPERATION_ID,BOP_C_FLG_URL,BOP_C_REQUIRED,BOP_S_DESCRIPTION,BOP_N_SHOW_ORDER,BOP_S_TYPE)
		values ('categoryId',
		(select BSO_N_OPERATION_ID from BSST_BSO_SERVICE_OPERATION where BSO_S_NAME='update' and BSV_N_SERVICE_ID=(select BSV_N_SERVICE_ID from BSST_BSV_SERVICE where BSV_S_SERVICE_NAME='Product'))
		,'Y','Y','CategoryId',5,'number');
	
	insert into BSST_BOP_OPERATION_PARAM(BOP_PARAM_NAME,BSO_N_OPERATION_ID,BOP_C_FLG_URL,BOP_C_REQUIRED,BOP_S_DESCRIPTION,BOP_N_SHOW_ORDER,BOP_S_TYPE)
		values ('typeId',
		(select BSO_N_OPERATION_ID from BSST_BSO_SERVICE_OPERATION where BSO_S_NAME='update' and BSV_N_SERVICE_ID=(select BSV_N_SERVICE_ID from BSST_BSV_SERVICE where BSV_S_SERVICE_NAME='Product'))
		,'Y','Y','TypeId',6,'number');
		
	insert into BSST_BOP_OPERATION_PARAM(BOP_PARAM_NAME,BSO_N_OPERATION_ID,BOP_C_FLG_URL,BOP_C_REQUIRED,BOP_S_DESCRIPTION,BOP_N_SHOW_ORDER,BOP_S_TYPE)
		values ('parentId',
		(select BSO_N_OPERATION_ID from BSST_BSO_SERVICE_OPERATION where BSO_S_NAME='update' and BSV_N_SERVICE_ID=(select BSV_N_SERVICE_ID from BSST_BSV_SERVICE where BSV_S_SERVICE_NAME='Product'))
		,'Y','N','ParentId',7,'number');
	
	insert into BSST_BOP_OPERATION_PARAM(BOP_PARAM_NAME,BSO_N_OPERATION_ID,BOP_C_FLG_URL,BOP_C_REQUIRED,BOP_S_DESCRIPTION,BOP_N_SHOW_ORDER,BOP_S_TYPE)
		values ('producerId',
		(select BSO_N_OPERATION_ID from BSST_BSO_SERVICE_OPERATION where BSO_S_NAME='update' and BSV_N_SERVICE_ID=(select BSV_N_SERVICE_ID from BSST_BSV_SERVICE where BSV_S_SERVICE_NAME='Product'))
		,'Y','N','ProducerId',8,'number');
		
	insert into BSST_OPE_OPERATION_GRANT(BSO_N_OPERATION_ID,URO_N_ROLE_ID)
		values(
		(select BSO_N_OPERATION_ID from BSST_BSO_SERVICE_OPERATION where BSO_S_NAME='update' and BSV_N_SERVICE_ID=(select BSV_N_SERVICE_ID from BSST_BSV_SERVICE where BSV_S_SERVICE_NAME='Product')),
		(select URO_N_ROLE_ID from BSST_URO_ROLE where URO_S_NAME='User')
		);

-- remove @ Product
insert into BSST_BSO_SERVICE_OPERATION (BSV_N_SERVICE_ID,BSO_S_METHOD,BSO_S_NAME,BSO_S_OPERATION_URL,BSO_S_DESCRIPTION)
	values ((select BSV_N_SERVICE_ID from BSST_BSV_SERVICE where BSV_S_SERVICE_NAME='Product'),'GET','remove','/{id}/remove','Remove Product');
	
	insert into BSST_BOP_OPERATION_PARAM(BOP_PARAM_NAME,BSO_N_OPERATION_ID,BOP_C_FLG_URL,BOP_C_REQUIRED,BOP_S_DESCRIPTION,BOP_N_SHOW_ORDER,BOP_S_TYPE)
		values ('id',
		(select BSO_N_OPERATION_ID from BSST_BSO_SERVICE_OPERATION where BSO_S_NAME='remove' and BSV_N_SERVICE_ID=(select BSV_N_SERVICE_ID from BSST_BSV_SERVICE where BSV_S_SERVICE_NAME='Product'))
		,'Y','Y','Id',1,'number');
		
	insert into BSST_OPE_OPERATION_GRANT(BSO_N_OPERATION_ID,URO_N_ROLE_ID)
		values(
		(select BSO_N_OPERATION_ID from BSST_BSO_SERVICE_OPERATION where BSO_S_NAME='remove' and BSV_N_SERVICE_ID=(select BSV_N_SERVICE_ID from BSST_BSV_SERVICE where BSV_S_SERVICE_NAME='Product')),
		(select URO_N_ROLE_ID from BSST_URO_ROLE where URO_S_NAME='User')
		);
		