delete from BSST_OPE_OPERATION_GRANT
	where BSO_N_OPERATION_ID in 
	(select BSO_N_OPERATION_ID from BSST_BSO_SERVICE_OPERATION
	where BSV_N_SERVICE_ID in (select BSV_N_SERVICE_ID from BSST_BSV_SERVICE where BSV_S_SERVICE_NAME 
	in ('Person')));

delete from BSST_BOP_OPERATION_PARAM
	where BSO_N_OPERATION_ID in 
	(select BSO_N_OPERATION_ID from BSST_BSO_SERVICE_OPERATION
	where BSV_N_SERVICE_ID in (select BSV_N_SERVICE_ID from BSST_BSV_SERVICE where BSV_S_SERVICE_NAME 
	in ('Person')));

delete from BSST_BSO_SERVICE_OPERATION
	where BSV_N_SERVICE_ID in (select BSV_N_SERVICE_ID from BSST_BSV_SERVICE where BSV_S_SERVICE_NAME 
	in ('Person'));
	
delete from BSST_BSV_SERVICE where BSV_S_SERVICE_NAME 
	in ('Person');

insert into BSST_BSV_SERVICE(BSV_S_SERVICE_NAME,BSV_S_SERVICE_URL)
	values ('Person','/person');
	
	
-- add @ Person
insert into BSST_BSO_SERVICE_OPERATION (BSV_N_SERVICE_ID,BSO_S_METHOD,BSO_S_NAME,BSO_S_OPERATION_URL,BSO_S_DESCRIPTION)
	values ((select BSV_N_SERVICE_ID from BSST_BSV_SERVICE where BSV_S_SERVICE_NAME='Person'),'POST','add','/add','Create person');
	
	insert into BSST_BOP_OPERATION_PARAM(BOP_PARAM_NAME,BSO_N_OPERATION_ID,BOP_C_FLG_URL,BOP_C_REQUIRED,BOP_S_DESCRIPTION,BOP_N_SHOW_ORDER)
		values ('firstName',
		(select BSO_N_OPERATION_ID from BSST_BSO_SERVICE_OPERATION where BSO_S_NAME='add' and BSV_N_SERVICE_ID=(select BSV_N_SERVICE_ID from BSST_BSV_SERVICE where BSV_S_SERVICE_NAME='Person'))
		,'Y','Y','First Name',1);
	insert into BSST_BOP_OPERATION_PARAM(BOP_PARAM_NAME,BSO_N_OPERATION_ID,BOP_C_FLG_URL,BOP_C_REQUIRED,BOP_S_DESCRIPTION,BOP_N_SHOW_ORDER)
		values ('secondName',
		(select BSO_N_OPERATION_ID from BSST_BSO_SERVICE_OPERATION where BSO_S_NAME='add' and BSV_N_SERVICE_ID=(select BSV_N_SERVICE_ID from BSST_BSV_SERVICE where BSV_S_SERVICE_NAME='Person'))
		,'Y','Y','Second Name',2);
	insert into BSST_BOP_OPERATION_PARAM(BOP_PARAM_NAME,BSO_N_OPERATION_ID,BOP_C_FLG_URL,BOP_C_REQUIRED,BOP_S_DESCRIPTION,BOP_N_SHOW_ORDER)
		values ('code',
		(select BSO_N_OPERATION_ID from BSST_BSO_SERVICE_OPERATION where BSO_S_NAME='add' and BSV_N_SERVICE_ID=(select BSV_N_SERVICE_ID from BSST_BSV_SERVICE where BSV_S_SERVICE_NAME='Person'))
		,'Y','N','Code',3);
	insert into BSST_BOP_OPERATION_PARAM(BOP_PARAM_NAME,BSO_N_OPERATION_ID,BOP_C_FLG_URL,BOP_C_REQUIRED,BOP_S_DESCRIPTION,BOP_N_SHOW_ORDER)
		values ('gender',
		(select BSO_N_OPERATION_ID from BSST_BSO_SERVICE_OPERATION where BSO_S_NAME='add' and BSV_N_SERVICE_ID=(select BSV_N_SERVICE_ID from BSST_BSV_SERVICE where BSV_S_SERVICE_NAME='Person'))
		,'Y','N','Gender',4);
	insert into BSST_BOP_OPERATION_PARAM(BOP_PARAM_NAME,BSO_N_OPERATION_ID,BOP_C_FLG_URL,BOP_C_REQUIRED,BOP_S_DESCRIPTION,BOP_N_SHOW_ORDER)
		values ('address',
		(select BSO_N_OPERATION_ID from BSST_BSO_SERVICE_OPERATION where BSO_S_NAME='add' and BSV_N_SERVICE_ID=(select BSV_N_SERVICE_ID from BSST_BSV_SERVICE where BSV_S_SERVICE_NAME='Person'))
		,'Y','N','Address',5);
	insert into BSST_BOP_OPERATION_PARAM(BOP_PARAM_NAME,BSO_N_OPERATION_ID,BOP_C_FLG_URL,BOP_C_REQUIRED,BOP_S_DESCRIPTION,BOP_N_SHOW_ORDER)
		values ('zipCode',
		(select BSO_N_OPERATION_ID from BSST_BSO_SERVICE_OPERATION where BSO_S_NAME='add' and BSV_N_SERVICE_ID=(select BSV_N_SERVICE_ID from BSST_BSV_SERVICE where BSV_S_SERVICE_NAME='Person'))
		,'Y','N','Zip Code',6);
	insert into BSST_BOP_OPERATION_PARAM(BOP_PARAM_NAME,BSO_N_OPERATION_ID,BOP_C_FLG_URL,BOP_C_REQUIRED,BOP_S_DESCRIPTION,BOP_N_SHOW_ORDER,BOP_S_TYPE)
		values ('cityId',
		(select BSO_N_OPERATION_ID from BSST_BSO_SERVICE_OPERATION where BSO_S_NAME='add' and BSV_N_SERVICE_ID=(select BSV_N_SERVICE_ID from BSST_BSV_SERVICE where BSV_S_SERVICE_NAME='Person'))
		,'Y','N','City Id',7,'number');
	insert into BSST_BOP_OPERATION_PARAM(BOP_PARAM_NAME,BSO_N_OPERATION_ID,BOP_C_FLG_URL,BOP_C_REQUIRED,BOP_S_DESCRIPTION,BOP_N_SHOW_ORDER)
		values ('fiscalCode',
		(select BSO_N_OPERATION_ID from BSST_BSO_SERVICE_OPERATION where BSO_S_NAME='add' and BSV_N_SERVICE_ID=(select BSV_N_SERVICE_ID from BSST_BSV_SERVICE where BSV_S_SERVICE_NAME='Person'))
		,'Y','N','Fiscal Code',8);	
	insert into BSST_BOP_OPERATION_PARAM(BOP_PARAM_NAME,BSO_N_OPERATION_ID,BOP_C_FLG_URL,BOP_C_REQUIRED,BOP_S_DESCRIPTION,BOP_N_SHOW_ORDER)
		values ('birthDay',
		(select BSO_N_OPERATION_ID from BSST_BSO_SERVICE_OPERATION where BSO_S_NAME='add' and BSV_N_SERVICE_ID=(select BSV_N_SERVICE_ID from BSST_BSV_SERVICE where BSV_S_SERVICE_NAME='Person'))
		,'Y','N','Birth Day',9);	
	insert into BSST_BOP_OPERATION_PARAM(BOP_PARAM_NAME,BSO_N_OPERATION_ID,BOP_C_FLG_URL,BOP_C_REQUIRED,BOP_S_DESCRIPTION,BOP_N_SHOW_ORDER,BOP_S_TYPE)
		values ('birthCityId',
		(select BSO_N_OPERATION_ID from BSST_BSO_SERVICE_OPERATION where BSO_S_NAME='add' and BSV_N_SERVICE_ID=(select BSV_N_SERVICE_ID from BSST_BSV_SERVICE where BSV_S_SERVICE_NAME='Person'))
		,'Y','N','Birth City Id',10,'number');	
		
	insert into BSST_OPE_OPERATION_GRANT(BSO_N_OPERATION_ID,URO_N_ROLE_ID)
		values(
		(select BSO_N_OPERATION_ID from BSST_BSO_SERVICE_OPERATION where BSO_S_NAME='add' and BSV_N_SERVICE_ID=(select BSV_N_SERVICE_ID from BSST_BSV_SERVICE where BSV_S_SERVICE_NAME='Person')),
		(select URO_N_ROLE_ID from BSST_URO_ROLE where URO_S_NAME='User')
		);

-- get @ Person
insert into BSST_BSO_SERVICE_OPERATION (BSV_N_SERVICE_ID,BSO_S_METHOD,BSO_S_NAME,BSO_S_OPERATION_URL,BSO_S_DESCRIPTION)
	values ((select BSV_N_SERVICE_ID from BSST_BSV_SERVICE where BSV_S_SERVICE_NAME='Person'),'GET','get','/{id}/get','Get Person');
	
	insert into BSST_BOP_OPERATION_PARAM(BOP_PARAM_NAME,BSO_N_OPERATION_ID,BOP_C_FLG_URL,BOP_C_REQUIRED,BOP_S_DESCRIPTION,BOP_N_SHOW_ORDER,BOP_S_TYPE)
		values ('id',
		(select BSO_N_OPERATION_ID from BSST_BSO_SERVICE_OPERATION where BSO_S_NAME='get' and BSV_N_SERVICE_ID=(select BSV_N_SERVICE_ID from BSST_BSV_SERVICE where BSV_S_SERVICE_NAME='Person'))
		,'Y','Y','id',1,'number');
		
	insert into BSST_OPE_OPERATION_GRANT(BSO_N_OPERATION_ID,URO_N_ROLE_ID)
		values(
		(select BSO_N_OPERATION_ID from BSST_BSO_SERVICE_OPERATION where BSO_S_NAME='get' and BSV_N_SERVICE_ID=(select BSV_N_SERVICE_ID from BSST_BSV_SERVICE where BSV_S_SERVICE_NAME='Person')),
		(select URO_N_ROLE_ID from BSST_URO_ROLE where URO_S_NAME='User')
		);
	
-- getByCode @ User
insert into BSST_BSO_SERVICE_OPERATION (BSV_N_SERVICE_ID,BSO_S_METHOD,BSO_S_NAME,BSO_S_OPERATION_URL,BSO_S_DESCRIPTION)
	values ((select BSV_N_SERVICE_ID from BSST_BSV_SERVICE where BSV_S_SERVICE_NAME='Person'),'GET','getByCode','/getByCode','Get person by code');
	
	insert into BSST_BOP_OPERATION_PARAM(BOP_PARAM_NAME,BSO_N_OPERATION_ID,BOP_C_FLG_URL,BOP_C_REQUIRED,BOP_S_DESCRIPTION,BOP_N_SHOW_ORDER)
		values ('code',
		(select BSO_N_OPERATION_ID from BSST_BSO_SERVICE_OPERATION where BSO_S_NAME='getByCode' and BSV_N_SERVICE_ID=(select BSV_N_SERVICE_ID from BSST_BSV_SERVICE where BSV_S_SERVICE_NAME='Person'))
		,'N','Y','code',1);
		
	insert into BSST_OPE_OPERATION_GRANT(BSO_N_OPERATION_ID,URO_N_ROLE_ID)
		values(
		(select BSO_N_OPERATION_ID from BSST_BSO_SERVICE_OPERATION where BSO_S_NAME='getByCode' and BSV_N_SERVICE_ID=(select BSV_N_SERVICE_ID from BSST_BSV_SERVICE where BSV_S_SERVICE_NAME='Person')),
		(select URO_N_ROLE_ID from BSST_URO_ROLE where URO_S_NAME='User')
		);

-- update @ Person
insert into BSST_BSO_SERVICE_OPERATION (BSV_N_SERVICE_ID,BSO_S_METHOD,BSO_S_NAME,BSO_S_OPERATION_URL,BSO_S_DESCRIPTION)
	values ((select BSV_N_SERVICE_ID from BSST_BSV_SERVICE where BSV_S_SERVICE_NAME='Person'),'POST','update','/{id}/update','Update person');
	
	insert into BSST_BOP_OPERATION_PARAM(BOP_PARAM_NAME,BSO_N_OPERATION_ID,BOP_C_FLG_URL,BOP_C_REQUIRED,BOP_S_DESCRIPTION,BOP_N_SHOW_ORDER,BOP_S_TYPE)
		values ('id',
		(select BSO_N_OPERATION_ID from BSST_BSO_SERVICE_OPERATION where BSO_S_NAME='update' and BSV_N_SERVICE_ID=(select BSV_N_SERVICE_ID from BSST_BSV_SERVICE where BSV_S_SERVICE_NAME='Person'))
		,'Y','Y','id',1,'number');
	insert into BSST_BOP_OPERATION_PARAM(BOP_PARAM_NAME,BSO_N_OPERATION_ID,BOP_C_FLG_URL,BOP_C_REQUIRED,BOP_S_DESCRIPTION,BOP_N_SHOW_ORDER)
		values ('firstName',
		(select BSO_N_OPERATION_ID from BSST_BSO_SERVICE_OPERATION where BSO_S_NAME='update' and BSV_N_SERVICE_ID=(select BSV_N_SERVICE_ID from BSST_BSV_SERVICE where BSV_S_SERVICE_NAME='Person'))
		,'Y','Y','First Name',2);
	insert into BSST_BOP_OPERATION_PARAM(BOP_PARAM_NAME,BSO_N_OPERATION_ID,BOP_C_FLG_URL,BOP_C_REQUIRED,BOP_S_DESCRIPTION,BOP_N_SHOW_ORDER)
		values ('secondName',
		(select BSO_N_OPERATION_ID from BSST_BSO_SERVICE_OPERATION where BSO_S_NAME='update' and BSV_N_SERVICE_ID=(select BSV_N_SERVICE_ID from BSST_BSV_SERVICE where BSV_S_SERVICE_NAME='Person'))
		,'Y','Y','Second Name',3);
	insert into BSST_BOP_OPERATION_PARAM(BOP_PARAM_NAME,BSO_N_OPERATION_ID,BOP_C_FLG_URL,BOP_C_REQUIRED,BOP_S_DESCRIPTION,BOP_N_SHOW_ORDER)
		values ('code',
		(select BSO_N_OPERATION_ID from BSST_BSO_SERVICE_OPERATION where BSO_S_NAME='update' and BSV_N_SERVICE_ID=(select BSV_N_SERVICE_ID from BSST_BSV_SERVICE where BSV_S_SERVICE_NAME='Person'))
		,'Y','N','Code',4);
	insert into BSST_BOP_OPERATION_PARAM(BOP_PARAM_NAME,BSO_N_OPERATION_ID,BOP_C_FLG_URL,BOP_C_REQUIRED,BOP_S_DESCRIPTION,BOP_N_SHOW_ORDER)
		values ('gender',
		(select BSO_N_OPERATION_ID from BSST_BSO_SERVICE_OPERATION where BSO_S_NAME='update' and BSV_N_SERVICE_ID=(select BSV_N_SERVICE_ID from BSST_BSV_SERVICE where BSV_S_SERVICE_NAME='Person'))
		,'Y','N','Gender',5);
	insert into BSST_BOP_OPERATION_PARAM(BOP_PARAM_NAME,BSO_N_OPERATION_ID,BOP_C_FLG_URL,BOP_C_REQUIRED,BOP_S_DESCRIPTION,BOP_N_SHOW_ORDER)
		values ('address',
		(select BSO_N_OPERATION_ID from BSST_BSO_SERVICE_OPERATION where BSO_S_NAME='update' and BSV_N_SERVICE_ID=(select BSV_N_SERVICE_ID from BSST_BSV_SERVICE where BSV_S_SERVICE_NAME='Person'))
		,'Y','N','Address',6);
	insert into BSST_BOP_OPERATION_PARAM(BOP_PARAM_NAME,BSO_N_OPERATION_ID,BOP_C_FLG_URL,BOP_C_REQUIRED,BOP_S_DESCRIPTION,BOP_N_SHOW_ORDER)
		values ('zipCode',
		(select BSO_N_OPERATION_ID from BSST_BSO_SERVICE_OPERATION where BSO_S_NAME='update' and BSV_N_SERVICE_ID=(select BSV_N_SERVICE_ID from BSST_BSV_SERVICE where BSV_S_SERVICE_NAME='Person'))
		,'Y','N','Zip Code',7);
	insert into BSST_BOP_OPERATION_PARAM(BOP_PARAM_NAME,BSO_N_OPERATION_ID,BOP_C_FLG_URL,BOP_C_REQUIRED,BOP_S_DESCRIPTION,BOP_N_SHOW_ORDER,BOP_S_TYPE)
		values ('cityId',
		(select BSO_N_OPERATION_ID from BSST_BSO_SERVICE_OPERATION where BSO_S_NAME='update' and BSV_N_SERVICE_ID=(select BSV_N_SERVICE_ID from BSST_BSV_SERVICE where BSV_S_SERVICE_NAME='Person'))
		,'Y','N','City Id',8,'number');
	insert into BSST_BOP_OPERATION_PARAM(BOP_PARAM_NAME,BSO_N_OPERATION_ID,BOP_C_FLG_URL,BOP_C_REQUIRED,BOP_S_DESCRIPTION,BOP_N_SHOW_ORDER)
		values ('fiscalCode',
		(select BSO_N_OPERATION_ID from BSST_BSO_SERVICE_OPERATION where BSO_S_NAME='update' and BSV_N_SERVICE_ID=(select BSV_N_SERVICE_ID from BSST_BSV_SERVICE where BSV_S_SERVICE_NAME='Person'))
		,'Y','N','Fiscal Code',9);	
	insert into BSST_BOP_OPERATION_PARAM(BOP_PARAM_NAME,BSO_N_OPERATION_ID,BOP_C_FLG_URL,BOP_C_REQUIRED,BOP_S_DESCRIPTION,BOP_N_SHOW_ORDER)
		values ('birthDay',
		(select BSO_N_OPERATION_ID from BSST_BSO_SERVICE_OPERATION where BSO_S_NAME='update' and BSV_N_SERVICE_ID=(select BSV_N_SERVICE_ID from BSST_BSV_SERVICE where BSV_S_SERVICE_NAME='Person'))
		,'Y','N','Birth Day',10);	
	insert into BSST_BOP_OPERATION_PARAM(BOP_PARAM_NAME,BSO_N_OPERATION_ID,BOP_C_FLG_URL,BOP_C_REQUIRED,BOP_S_DESCRIPTION,BOP_N_SHOW_ORDER,BOP_S_TYPE)
		values ('birthCityId',
		(select BSO_N_OPERATION_ID from BSST_BSO_SERVICE_OPERATION where BSO_S_NAME='update' and BSV_N_SERVICE_ID=(select BSV_N_SERVICE_ID from BSST_BSV_SERVICE where BSV_S_SERVICE_NAME='Person'))
		,'Y','N','Birth City Id',11,'number');	
		
			
	insert into BSST_OPE_OPERATION_GRANT(BSO_N_OPERATION_ID,URO_N_ROLE_ID)
		values(
		(select BSO_N_OPERATION_ID from BSST_BSO_SERVICE_OPERATION where BSO_S_NAME='update' and BSV_N_SERVICE_ID=(select BSV_N_SERVICE_ID from BSST_BSV_SERVICE where BSV_S_SERVICE_NAME='Person')),
		(select URO_N_ROLE_ID from BSST_URO_ROLE where URO_S_NAME='User')
		);
		
-- remove @ Person
insert into BSST_BSO_SERVICE_OPERATION (BSV_N_SERVICE_ID,BSO_S_METHOD,BSO_S_NAME,BSO_S_OPERATION_URL,BSO_S_DESCRIPTION)
	values ((select BSV_N_SERVICE_ID from BSST_BSV_SERVICE where BSV_S_SERVICE_NAME='Person'),'GET','remove','/{id}/remove','Remove person');
	
	insert into BSST_BOP_OPERATION_PARAM(BOP_PARAM_NAME,BSO_N_OPERATION_ID,BOP_C_FLG_URL,BOP_C_REQUIRED,BOP_S_DESCRIPTION,BOP_N_SHOW_ORDER,BOP_S_TYPE)
		values ('id',
		(select BSO_N_OPERATION_ID from BSST_BSO_SERVICE_OPERATION where BSO_S_NAME='remove' and BSV_N_SERVICE_ID=(select BSV_N_SERVICE_ID from BSST_BSV_SERVICE where BSV_S_SERVICE_NAME='Person'))
		,'Y','Y','id',1,'number');
		
	insert into BSST_OPE_OPERATION_GRANT(BSO_N_OPERATION_ID,URO_N_ROLE_ID)
		values(
		(select BSO_N_OPERATION_ID from BSST_BSO_SERVICE_OPERATION where BSO_S_NAME='remove' and BSV_N_SERVICE_ID=(select BSV_N_SERVICE_ID from BSST_BSV_SERVICE where BSV_S_SERVICE_NAME='Person')),
		(select URO_N_ROLE_ID from BSST_URO_ROLE where URO_S_NAME='User')
		);

-- find @ Person
insert into BSST_BSO_SERVICE_OPERATION (BSV_N_SERVICE_ID,BSO_S_METHOD,BSO_S_NAME,BSO_S_OPERATION_URL,BSO_S_DESCRIPTION)
	values ((select BSV_N_SERVICE_ID from BSST_BSV_SERVICE where BSV_S_SERVICE_NAME='Person'),'GET','find','/find','Find persons');
	
	insert into BSST_BOP_OPERATION_PARAM(BOP_PARAM_NAME,BSO_N_OPERATION_ID,BOP_C_FLG_URL,BOP_C_REQUIRED,BOP_S_DESCRIPTION,BOP_N_SHOW_ORDER)
		values ('code',
		(select BSO_N_OPERATION_ID from BSST_BSO_SERVICE_OPERATION where BSO_S_NAME='find' and BSV_N_SERVICE_ID=(select BSV_N_SERVICE_ID from BSST_BSV_SERVICE where BSV_S_SERVICE_NAME='Person'))
		,'N','N','code',1);
	
	insert into BSST_BOP_OPERATION_PARAM(BOP_PARAM_NAME,BSO_N_OPERATION_ID,BOP_C_FLG_URL,BOP_C_REQUIRED,BOP_S_DESCRIPTION,BOP_N_SHOW_ORDER)
		values ('firstName',
		(select BSO_N_OPERATION_ID from BSST_BSO_SERVICE_OPERATION where BSO_S_NAME='find' and BSV_N_SERVICE_ID=(select BSV_N_SERVICE_ID from BSST_BSV_SERVICE where BSV_S_SERVICE_NAME='Person'))
		,'N','N','id',2);
	
	insert into BSST_BOP_OPERATION_PARAM(BOP_PARAM_NAME,BSO_N_OPERATION_ID,BOP_C_FLG_URL,BOP_C_REQUIRED,BOP_S_DESCRIPTION,BOP_N_SHOW_ORDER)
		values ('secondName',
		(select BSO_N_OPERATION_ID from BSST_BSO_SERVICE_OPERATION where BSO_S_NAME='find' and BSV_N_SERVICE_ID=(select BSV_N_SERVICE_ID from BSST_BSV_SERVICE where BSV_S_SERVICE_NAME='Person'))
		,'N','N','id',3);
		
	insert into BSST_BOP_OPERATION_PARAM(BOP_PARAM_NAME,BSO_N_OPERATION_ID,BOP_C_FLG_URL,BOP_C_REQUIRED,BOP_S_DESCRIPTION,BOP_N_SHOW_ORDER,BOP_S_TYPE)
		values ('offset',
		(select BSO_N_OPERATION_ID from BSST_BSO_SERVICE_OPERATION where BSO_S_NAME='find' and BSV_N_SERVICE_ID=(select BSV_N_SERVICE_ID from BSST_BSV_SERVICE where BSV_S_SERVICE_NAME='Person'))
		,'N','N','offset',4,'number');
	
	insert into BSST_BOP_OPERATION_PARAM(BOP_PARAM_NAME,BSO_N_OPERATION_ID,BOP_C_FLG_URL,BOP_C_REQUIRED,BOP_S_DESCRIPTION,BOP_N_SHOW_ORDER,BOP_S_TYPE)
		values ('size',
		(select BSO_N_OPERATION_ID from BSST_BSO_SERVICE_OPERATION where BSO_S_NAME='find' and BSV_N_SERVICE_ID=(select BSV_N_SERVICE_ID from BSST_BSV_SERVICE where BSV_S_SERVICE_NAME='Person'))
		,'N','N','size',5,'number');	
		
	insert into BSST_OPE_OPERATION_GRANT(BSO_N_OPERATION_ID,URO_N_ROLE_ID)
		values(
		(select BSO_N_OPERATION_ID from BSST_BSO_SERVICE_OPERATION where BSO_S_NAME='find' and BSV_N_SERVICE_ID=(select BSV_N_SERVICE_ID from BSST_BSV_SERVICE where BSV_S_SERVICE_NAME='Person')),
		(select URO_N_ROLE_ID from BSST_URO_ROLE where URO_S_NAME='User')
		);
		
-- getContactAll @ Person
insert into BSST_BSO_SERVICE_OPERATION (BSV_N_SERVICE_ID,BSO_S_METHOD,BSO_S_NAME,BSO_S_OPERATION_URL,BSO_S_DESCRIPTION)
	values ((select BSV_N_SERVICE_ID from BSST_BSV_SERVICE where BSV_S_SERVICE_NAME='Person'),'GET','getContactAll','/{id}/getContactAll','Get Contacts');

	insert into BSST_BOP_OPERATION_PARAM(BOP_PARAM_NAME,BSO_N_OPERATION_ID,BOP_C_FLG_URL,BOP_C_REQUIRED,BOP_S_DESCRIPTION,BOP_N_SHOW_ORDER,BOP_S_TYPE)
		values ('id',
		(select BSO_N_OPERATION_ID from BSST_BSO_SERVICE_OPERATION where BSO_S_NAME='getContactAll' and BSV_N_SERVICE_ID=(select BSV_N_SERVICE_ID from BSST_BSV_SERVICE where BSV_S_SERVICE_NAME='Person'))
		,'Y','Y','id',1,'number');
	
	insert into BSST_OPE_OPERATION_GRANT(BSO_N_OPERATION_ID,URO_N_ROLE_ID)
		values(
		(select BSO_N_OPERATION_ID from BSST_BSO_SERVICE_OPERATION where BSO_S_NAME='getContactAll' and BSV_N_SERVICE_ID=(select BSV_N_SERVICE_ID from BSST_BSV_SERVICE where BSV_S_SERVICE_NAME='Person')),
		(select URO_N_ROLE_ID from BSST_URO_ROLE where URO_S_NAME='User')
		);
		